x-axis,1
second,Volt
+50.5000E-03,
+50.6150E-03,
+50.7300E-03,+2.0924623E+00
+50.8450E-03,+2.0896985E+00
+50.9600E-03,+2.0907035E+00
+51.0750E-03,+2.0894472E+00
+51.1900E-03,+2.0964824E+00
+51.3050E-03,+2.0924623E+00
+51.4200E-03,+2.0939698E+00
+51.5350E-03,+2.0929648E+00
+51.6500E-03,+2.0927136E+00
+51.7650E-03,+2.0869347E+00
+51.8800E-03,+2.0987437E+00
+51.9950E-03,+2.0964824E+00
+52.1100E-03,+2.0924623E+00
+52.2250E-03,+2.1042714E+00
+52.3400E-03,+2.1075377E+00
+52.4550E-03,+2.1125628E+00
+52.5700E-03,+2.1080402E+00
+52.6850E-03,+2.1085427E+00
+52.8000E-03,+2.1165829E+00
+52.9150E-03,+2.1113065E+00
+53.0300E-03,+2.1087940E+00
+53.1450E-03,+2.1055276E+00
+53.2600E-03,+2.1140704E+00
+53.3750E-03,+2.1180905E+00
+53.4900E-03,+2.1085427E+00
+53.6050E-03,+2.1070352E+00
+53.7200E-03,+2.1092965E+00
+53.8350E-03,+2.1158291E+00
+53.9500E-03,+2.1080402E+00
+54.0650E-03,+2.1095477E+00
+54.1800E-03,+2.1125628E+00
+54.2950E-03,+2.1022613E+00
+54.4100E-03,+2.1087940E+00
+54.5250E-03,+2.1072864E+00
+54.6400E-03,+2.1125628E+00
+54.7550E-03,+2.1095477E+00
+54.8700E-03,+2.1125628E+00
+54.9850E-03,+2.1095477E+00
+55.1000E-03,+2.0914573E+00
+55.2150E-03,+2.1077889E+00
+55.3300E-03,+2.1085427E+00
+55.4450E-03,+2.1085427E+00
+55.5600E-03,+2.1035176E+00
+55.6750E-03,+2.1005025E+00
+55.7900E-03,+2.1045226E+00
+55.9050E-03,+2.0964824E+00
+56.0200E-03,+2.0939698E+00
+56.1350E-03,+2.0917085E+00
+56.2500E-03,+2.0884422E+00
+56.3650E-03,+2.0924623E+00
+56.4800E-03,+2.0907035E+00
+56.5950E-03,+2.0844221E+00
+56.7100E-03,+2.0844221E+00
+56.8250E-03,+2.0829146E+00
+56.9400E-03,+2.0844221E+00
+57.0550E-03,+2.0844221E+00
+57.1700E-03,+2.0844221E+00
+57.2850E-03,+2.0844221E+00
+57.4000E-03,+2.0891960E+00
+57.5150E-03,+2.0849246E+00
+57.6300E-03,+2.0846734E+00
+57.7450E-03,+2.0869347E+00
+57.8600E-03,+2.0859296E+00
+57.9750E-03,+2.0876884E+00
+58.0900E-03,+2.0844221E+00
+58.2050E-03,+2.0869347E+00
+58.3200E-03,+2.0844221E+00
+58.4350E-03,+2.0917085E+00
+58.5500E-03,+2.0884422E+00
+58.6650E-03,+2.0924623E+00
+58.7800E-03,+2.0914573E+00
+58.8950E-03,+2.0894472E+00
+59.0100E-03,+2.0924623E+00
+59.1250E-03,+2.0884422E+00
+59.2400E-03,+2.0899497E+00
+59.3550E-03,+2.0889447E+00
+59.4700E-03,+2.0964824E+00
+59.5850E-03,+2.0937186E+00
+59.7000E-03,+2.0964824E+00
+59.8150E-03,+2.0884422E+00
+59.9300E-03,+2.0959799E+00
+60.0450E-03,+2.0937186E+00
+60.1600E-03,+2.0924623E+00
+60.2750E-03,+2.0969849E+00
+60.3900E-03,+2.0959799E+00
+60.5050E-03,+2.1045226E+00
+60.6200E-03,+2.1060301E+00
+60.7350E-03,+2.1072864E+00
+60.8500E-03,+2.1075377E+00
+60.9650E-03,+2.1097990E+00
+61.0800E-03,+2.1092965E+00
+61.1950E-03,+2.1090452E+00
+61.3100E-03,+2.1040201E+00
+61.4250E-03,+2.1045226E+00
+61.5400E-03,+2.1100503E+00
+61.6550E-03,+2.1113065E+00
+61.7700E-03,+2.1168342E+00
+61.8850E-03,+2.1140704E+00
+62.0000E-03,+2.1115578E+00
+62.1150E-03,+2.1153266E+00
+62.2300E-03,+2.1120603E+00
+62.3450E-03,+2.1100503E+00
+62.4600E-03,+2.1092965E+00
+62.5750E-03,+2.1188442E+00
+62.6900E-03,+2.1087940E+00
+62.8050E-03,+2.1072864E+00
+62.9200E-03,+2.1060301E+00
+63.0350E-03,+2.1130653E+00
+63.1500E-03,+2.1160804E+00
+63.2650E-03,+2.1085427E+00
+63.3800E-03,+2.1100503E+00
+63.4950E-03,+2.1158291E+00
+63.6100E-03,+2.1045226E+00
+63.7250E-03,+2.1002513E+00
+63.8400E-03,+2.1035176E+00
+63.9550E-03,+2.0974874E+00
+64.0700E-03,+2.0992462E+00
+64.1850E-03,+2.0939698E+00
+64.3000E-03,+2.0939698E+00
+64.4150E-03,+2.0861809E+00
+64.5300E-03,+2.0932161E+00
+64.6450E-03,+2.0856784E+00
+64.7600E-03,+2.0907035E+00
+64.8750E-03,+2.0844221E+00
+64.9900E-03,+2.0844221E+00
+65.1050E-03,+2.0854271E+00
+65.2200E-03,+2.0804020E+00
+65.3350E-03,+2.0876884E+00
+65.4500E-03,+2.0839196E+00
+65.5650E-03,+2.0844221E+00
+65.6800E-03,+2.0844221E+00
+65.7950E-03,+2.0876884E+00
+65.9100E-03,+2.0804020E+00
+66.0250E-03,+2.0829146E+00
+66.1400E-03,+2.0819095E+00
+66.2550E-03,+2.0876884E+00
+66.3700E-03,+2.0806533E+00
+66.4850E-03,+2.0884422E+00
+66.6000E-03,+2.0884422E+00
+66.7150E-03,+2.0844221E+00
+66.8300E-03,+2.0879397E+00
+66.9450E-03,+2.0912060E+00
+67.0600E-03,+2.0947236E+00
+67.1750E-03,+2.0854271E+00
+67.2900E-03,+2.0919598E+00
+67.4050E-03,+2.0964824E+00
+67.5200E-03,+2.0907035E+00
+67.6350E-03,+2.0997487E+00
+67.7500E-03,+2.0924623E+00
+67.8650E-03,+2.0977387E+00
+67.9800E-03,+2.0964824E+00
+68.0950E-03,+2.0924623E+00
+68.2100E-03,+2.0959799E+00
+68.3250E-03,+2.0909548E+00
+68.4400E-03,+2.0884422E+00
+68.5550E-03,+2.0957286E+00
+68.6700E-03,+2.1105528E+00
+68.7850E-03,+2.1072864E+00
+68.9000E-03,+2.1012563E+00
+69.0150E-03,+2.1090452E+00
+69.1300E-03,+2.1040201E+00
+69.2450E-03,+2.1070352E+00
+69.3600E-03,+2.1085427E+00
+69.4750E-03,+2.1085427E+00
+69.5900E-03,+2.1052764E+00
+69.7050E-03,+2.1057789E+00
+69.8200E-03,+2.1027638E+00
+69.9350E-03,+2.1085427E+00
+70.0500E-03,+2.1108040E+00
+70.1650E-03,+2.1045226E+00
+70.2800E-03,+2.1092965E+00
+70.3950E-03,+2.1062814E+00
+70.5100E-03,+2.1100503E+00
+70.6250E-03,+2.1135678E+00
+70.7400E-03,+2.1125628E+00
+70.8550E-03,+2.1055276E+00
+70.9700E-03,+2.1153266E+00
+71.0850E-03,+2.1110553E+00
+71.2000E-03,+2.1012563E+00
+71.3150E-03,+2.1035176E+00
+71.4300E-03,+2.1047739E+00
+71.5450E-03,+2.1125628E+00
+71.6600E-03,+2.1123116E+00
+71.7750E-03,+2.0977387E+00
+71.8900E-03,+2.1077889E+00
+72.0050E-03,+2.1002513E+00
+72.1200E-03,+2.1045226E+00
+72.2350E-03,+2.0977387E+00
+72.3500E-03,+2.1120603E+00
+72.4650E-03,+2.1097990E+00
+72.5800E-03,+2.0939698E+00
+72.6950E-03,+2.0856784E+00
+72.8100E-03,+2.0929648E+00
+72.9250E-03,+2.0884422E+00
+73.0400E-03,+2.0884422E+00
+73.1550E-03,+2.0929648E+00
+73.2700E-03,+2.0879397E+00
+73.3850E-03,+2.0844221E+00
+73.5000E-03,+2.0844221E+00
+73.6150E-03,+2.0836683E+00
+73.7300E-03,+2.0839196E+00
+73.8450E-03,+2.0844221E+00
+73.9600E-03,+2.0859296E+00
+74.0750E-03,+2.0836683E+00
+74.1900E-03,+2.0844221E+00
+74.3050E-03,+2.0844221E+00
+74.4200E-03,+2.0884422E+00
+74.5350E-03,+2.0844221E+00
+74.6500E-03,+2.0879397E+00
+74.7650E-03,+2.0844221E+00
+74.8800E-03,+2.0866834E+00
+74.9950E-03,+2.0844221E+00
+75.1100E-03,+2.0886935E+00
+75.2250E-03,+2.0909548E+00
+75.3400E-03,+2.0891960E+00
+75.4550E-03,+2.0884422E+00
+75.5700E-03,+2.0957286E+00
+75.6850E-03,+2.0884422E+00
+75.8000E-03,+2.0907035E+00
+75.9150E-03,+2.0896985E+00
+76.0300E-03,+2.0884422E+00
+76.1450E-03,+2.1005025E+00
+76.2600E-03,+2.0876884E+00
+76.3750E-03,+2.0944724E+00
+76.4900E-03,+2.0957286E+00
+76.6050E-03,+2.0856784E+00
+76.7200E-03,+2.0932161E+00
+76.8350E-03,+2.0937186E+00
+76.9500E-03,+2.1040201E+00
+77.0650E-03,+2.0964824E+00
+77.1800E-03,+2.1060301E+00
+77.2950E-03,+2.1045226E+00
+77.4100E-03,+2.1072864E+00
+77.5250E-03,+2.1138191E+00
+77.6400E-03,+2.1100503E+00
+77.7550E-03,+2.1150754E+00
+77.8700E-03,+2.1128141E+00
+77.9850E-03,+2.1125628E+00
+78.1000E-03,+2.1045226E+00
+78.2150E-03,+2.1097990E+00
+78.3300E-03,+2.1201005E+00
+78.4450E-03,+2.1125628E+00
+78.5600E-03,+2.1100503E+00
+78.6750E-03,+2.1266332E+00
+78.7900E-03,+2.1165829E+00
+78.9050E-03,+2.1190955E+00
+79.0200E-03,+2.1092965E+00
+79.1350E-03,+2.1070352E+00
+79.2500E-03,+2.1158291E+00
+79.3650E-03,+2.1057789E+00
+79.4800E-03,+2.1100503E+00
+79.5950E-03,+2.1138191E+00
+79.7100E-03,+2.1077889E+00
+79.8250E-03,+2.1030151E+00
+79.9400E-03,+2.1140704E+00
+80.0550E-03,+2.1070352E+00
+80.1700E-03,+2.1080402E+00
+80.2850E-03,+2.1005025E+00
+80.4000E-03,+2.1037688E+00
+80.5150E-03,+2.0997487E+00
+80.6300E-03,+2.0929648E+00
+80.7450E-03,+2.1045226E+00
+80.8600E-03,+2.0987437E+00
+80.9750E-03,+2.0929648E+00
+81.0900E-03,+2.0844221E+00
+81.2050E-03,+2.0869347E+00
+81.3200E-03,+2.0844221E+00
+81.4350E-03,+2.0876884E+00
+81.5500E-03,+2.0876884E+00
+81.6650E-03,+2.0829146E+00
+81.7800E-03,+2.0826633E+00
+81.8950E-03,+2.0856784E+00
+82.0100E-03,+2.0884422E+00
+82.1250E-03,+2.0869347E+00
+82.2400E-03,+2.0844221E+00
+82.3550E-03,+2.0844221E+00
+82.4700E-03,+2.0844221E+00
+82.5850E-03,+2.0844221E+00
+82.7000E-03,+2.0844221E+00
+82.8150E-03,+2.0849246E+00
+82.9300E-03,+2.0844221E+00
+83.0450E-03,+2.0856784E+00
+83.1600E-03,+2.0884422E+00
+83.2750E-03,+2.0844221E+00
+83.3900E-03,+2.0884422E+00
+83.5050E-03,+2.0896985E+00
+83.6200E-03,+2.0932161E+00
+83.7350E-03,+2.0917085E+00
+83.8500E-03,+2.0919598E+00
+83.9650E-03,+2.0884422E+00
+84.0800E-03,+2.0939698E+00
+84.1950E-03,+2.0964824E+00
+84.3100E-03,+2.0889447E+00
+84.4250E-03,+2.0896985E+00
+84.5400E-03,+2.0939698E+00
+84.6550E-03,+2.0924623E+00
+84.7700E-03,+2.0919598E+00
+84.8850E-03,+2.0977387E+00
+85.0000E-03,+2.0924623E+00
+85.1150E-03,+2.0917085E+00
+85.2300E-03,+2.0889447E+00
+85.3450E-03,+2.0977387E+00
+85.4600E-03,+2.0957286E+00
+85.5750E-03,+2.1045226E+00
+85.6900E-03,+2.1080402E+00
+85.8050E-03,+2.1097990E+00
+85.9200E-03,+2.1125628E+00
+86.0350E-03,+2.1057789E+00
+86.1500E-03,+2.1080402E+00
+86.2650E-03,+2.1110553E+00
+86.3800E-03,+2.1045226E+00
+86.4950E-03,+2.1090452E+00
+86.6100E-03,+2.0896985E+00
+86.7250E-03,+2.1110553E+00
+86.8400E-03,+2.1125628E+00
+86.9550E-03,+2.1125628E+00
+87.0700E-03,+2.1158291E+00
+87.1850E-03,+2.1165829E+00
+87.3000E-03,+2.1092965E+00
+87.4150E-03,+2.1138191E+00
+87.5300E-03,+2.1080402E+00
+87.6450E-03,+2.1113065E+00
+87.7600E-03,+2.1027638E+00
+87.8750E-03,+2.1090452E+00
+87.9900E-03,+2.1045226E+00
+88.1050E-03,+2.1045226E+00
+88.2200E-03,+2.1050251E+00
+88.3350E-03,+2.1118090E+00
+88.4500E-03,+2.1047739E+00
+88.5650E-03,+2.1005025E+00
+88.6800E-03,+2.1050251E+00
+88.7950E-03,+2.1085427E+00
+88.9100E-03,+2.1080402E+00
+89.0250E-03,+2.0896985E+00
+89.1400E-03,+2.1005025E+00
+89.2550E-03,+2.0989950E+00
+89.3700E-03,+2.0919598E+00
+89.4850E-03,+2.0884422E+00
+89.6000E-03,+2.0859296E+00
+89.7150E-03,+2.0864322E+00
+89.8300E-03,+2.0839196E+00
+89.9450E-03,+2.0829146E+00
+90.0600E-03,+2.0826633E+00
+90.1750E-03,+2.0844221E+00
+90.2900E-03,+2.0804020E+00
+90.4050E-03,+2.0844221E+00
+90.5200E-03,+2.0786432E+00
+90.6350E-03,+2.0768844E+00
+90.7500E-03,+2.0798995E+00
+90.8650E-03,+2.0816583E+00
+90.9800E-03,+2.0826633E+00
+91.0950E-03,+2.0816583E+00
+91.2100E-03,+2.0844221E+00
+91.3250E-03,+2.0829146E+00
+91.4400E-03,+2.0844221E+00
+91.5550E-03,+2.0884422E+00
+91.6700E-03,+2.0884422E+00
+91.7850E-03,+2.0949749E+00
+91.9000E-03,+2.0876884E+00
+92.0150E-03,+2.0884422E+00
+92.1300E-03,+2.0924623E+00
+92.2450E-03,+2.0869347E+00
+92.3600E-03,+2.0884422E+00
+92.4750E-03,+2.0889447E+00
+92.5900E-03,+2.0924623E+00
+92.7050E-03,+2.0884422E+00
+92.8200E-03,+2.0884422E+00
+92.9350E-03,+2.0917085E+00
+93.0500E-03,+2.0957286E+00
+93.1650E-03,+2.0869347E+00
+93.2800E-03,+2.0917085E+00
+93.3950E-03,+2.0844221E+00
+93.5100E-03,+2.0924623E+00
+93.6250E-03,+2.0964824E+00
+93.7400E-03,+2.0987437E+00
+93.8550E-03,+2.1070352E+00
+93.9700E-03,+2.0967337E+00
+94.0850E-03,+2.1123116E+00
+94.2000E-03,+2.1108040E+00
+94.3150E-03,+2.1253769E+00
+94.4300E-03,+2.1085427E+00
+94.5450E-03,+2.1123116E+00
+94.6600E-03,+2.1108040E+00
+94.7750E-03,+2.1130653E+00
+94.8900E-03,+2.1040201E+00
+95.0050E-03,+2.0992462E+00
+95.1200E-03,+2.0982412E+00
+95.2350E-03,+2.1118090E+00
+95.3500E-03,+2.1087940E+00
+95.4650E-03,+2.1138191E+00
+95.5800E-03,+2.1090452E+00
+95.6950E-03,+2.1158291E+00
+95.8100E-03,+2.1090452E+00
+95.9250E-03,+2.1110553E+00
+96.0400E-03,+2.1108040E+00
+96.1550E-03,+2.1090452E+00
+96.2700E-03,+2.1022613E+00
+96.3850E-03,+2.1110553E+00
+96.5000E-03,+2.1115578E+00
+96.6150E-03,+2.1037688E+00
+96.7300E-03,+2.0934673E+00
+96.8450E-03,+2.1030151E+00
+96.9600E-03,+2.0964824E+00
+97.0750E-03,+2.1045226E+00
+97.1900E-03,+2.1005025E+00
+97.3050E-03,+2.0989950E+00
+97.4200E-03,+2.0932161E+00
+97.5350E-03,+2.0924623E+00
+97.6500E-03,+2.0964824E+00
+97.7650E-03,+2.0896985E+00
+97.8800E-03,+2.0929648E+00
+97.9950E-03,+2.0884422E+00
+98.1100E-03,+2.0846734E+00
+98.2250E-03,+2.0844221E+00
+98.3400E-03,+2.0866834E+00
+98.4550E-03,+2.0809045E+00
+98.5700E-03,+2.0804020E+00
+98.6850E-03,+2.0804020E+00
+98.8000E-03,+2.0889447E+00
+98.9150E-03,+2.0844221E+00
+99.0300E-03,+2.0844221E+00
+99.1450E-03,+2.0844221E+00
+99.2600E-03,+2.0804020E+00
+99.3750E-03,+2.0844221E+00
+99.4900E-03,+2.0806533E+00
+99.6050E-03,+2.0829146E+00
+99.7200E-03,+2.0836683E+00
+99.8350E-03,+2.0884422E+00
+99.9500E-03,+2.0839196E+00
+100.0650E-03,+2.0816583E+00
+100.1800E-03,+2.0859296E+00
+100.2950E-03,+2.0876884E+00
+100.4100E-03,+2.0846734E+00
+100.5250E-03,+2.0884422E+00
+100.6400E-03,+2.0899497E+00
+100.7550E-03,+2.0884422E+00
+100.8700E-03,+2.0924623E+00
+100.9850E-03,+2.0884422E+00
+101.1000E-03,+2.0889447E+00
+101.2150E-03,+2.0957286E+00
+101.3300E-03,+2.0967337E+00
+101.4450E-03,+2.0924623E+00
+101.5600E-03,+2.0939698E+00
+101.6750E-03,+2.0884422E+00
+101.7900E-03,+2.0924623E+00
+101.9050E-03,+2.0884422E+00
+102.0200E-03,+2.0964824E+00
+102.1350E-03,+2.1070352E+00
+102.2500E-03,+2.1072864E+00
+102.3650E-03,+2.1110553E+00
+102.4800E-03,+2.1045226E+00
+102.5950E-03,+2.1010050E+00
+102.7100E-03,+2.1047739E+00
+102.8250E-03,+2.1097990E+00
+102.9400E-03,+2.1100503E+00
+103.0550E-03,+2.1130653E+00
+103.1700E-03,+2.1050251E+00
+103.2850E-03,+2.1123116E+00
+103.4000E-03,+2.1108040E+00
+103.5150E-03,+2.1170854E+00
+103.6300E-03,+2.1085427E+00
+103.7450E-03,+2.0979899E+00
+103.8600E-03,+2.1020100E+00
+103.9750E-03,+2.1077889E+00
+104.0900E-03,+2.1015075E+00
+104.2050E-03,+2.1045226E+00
+104.3200E-03,+2.1067839E+00
+104.4350E-03,+2.1143216E+00
+104.5500E-03,+2.1231156E+00
+104.6650E-03,+2.0964824E+00
+104.7800E-03,+2.1067839E+00
+104.8950E-03,+2.1037688E+00
+105.0100E-03,+2.1087940E+00
+105.1250E-03,+2.1070352E+00
+105.2400E-03,+2.0987437E+00
+105.3550E-03,+2.0949749E+00
+105.4700E-03,+2.1070352E+00
+105.5850E-03,+2.1005025E+00
+105.7000E-03,+2.1027638E+00
+105.8150E-03,+2.1005025E+00
+105.9300E-03,+2.0964824E+00
+106.0450E-03,+2.0909548E+00
+106.1600E-03,+2.0924623E+00
+106.2750E-03,+2.0884422E+00
+106.3900E-03,+2.0806533E+00
+106.5050E-03,+2.0856784E+00
+106.6200E-03,+2.0804020E+00
+106.7350E-03,+2.0788945E+00
+106.8500E-03,+2.0768844E+00
+106.9650E-03,+2.0804020E+00
+107.0800E-03,+2.0786432E+00
+107.1950E-03,+2.0804020E+00
+107.3100E-03,+2.0763819E+00
+107.4250E-03,+2.0804020E+00
+107.5400E-03,+2.0804020E+00
+107.6550E-03,+2.0844221E+00
+107.7700E-03,+2.0804020E+00
+107.8850E-03,+2.0816583E+00
+108.0000E-03,+2.0826633E+00
+108.1150E-03,+2.0768844E+00
+108.2300E-03,+2.0804020E+00
+108.3450E-03,+2.0829146E+00
+108.4600E-03,+2.0844221E+00
+108.5750E-03,+2.0989950E+00
+108.6900E-03,+2.0846734E+00
+108.8050E-03,+2.0844221E+00
+108.9200E-03,+2.0947236E+00
+109.0350E-03,+2.0849246E+00
+109.1500E-03,+2.0927136E+00
+109.2650E-03,+2.0949749E+00
+109.3800E-03,+2.0939698E+00
+109.4950E-03,+2.1070352E+00
+109.6100E-03,+2.0924623E+00
+109.7250E-03,+2.0964824E+00
+109.8400E-03,+2.0884422E+00
+109.9550E-03,+2.0876884E+00
+110.0700E-03,+2.0879397E+00
+110.1850E-03,+2.0949749E+00
+110.3000E-03,+2.1035176E+00
+110.4150E-03,+2.0917085E+00
+110.5300E-03,+2.1005025E+00
+110.6450E-03,+2.1002513E+00
+110.7600E-03,+2.1092965E+00
+110.8750E-03,+2.1045226E+00
+110.9900E-03,+2.1005025E+00
+111.1050E-03,+2.1070352E+00
+111.2200E-03,+2.1045226E+00
+111.3350E-03,+2.1045226E+00
+111.4500E-03,+2.1185930E+00
+111.5650E-03,+2.1030151E+00
+111.6800E-03,+2.1057789E+00
+111.7950E-03,+2.1050251E+00
+111.9100E-03,+2.1125628E+00
+112.0250E-03,+2.1165829E+00
+112.1400E-03,+2.1085427E+00
+112.2550E-03,+2.1118090E+00
+112.3700E-03,+2.0902010E+00
+112.4850E-03,+2.1097990E+00
+112.6000E-03,+2.1005025E+00
+112.7150E-03,+2.1017588E+00
+112.8300E-03,+2.1087940E+00
+112.9450E-03,+2.0884422E+00
+113.0600E-03,+2.1045226E+00
+113.1750E-03,+2.1050251E+00
+113.2900E-03,+2.1125628E+00
+113.4050E-03,+2.1070352E+00
+113.5200E-03,+2.1027638E+00
+113.6350E-03,+2.1077889E+00
+113.7500E-03,+2.1010050E+00
+113.8650E-03,+2.1030151E+00
+113.9800E-03,+2.0987437E+00
+114.0950E-03,+2.1045226E+00
+114.2100E-03,+2.1077889E+00
+114.3250E-03,+2.0977387E+00
+114.4400E-03,+2.0899497E+00
+114.5550E-03,+2.0889447E+00
+114.6700E-03,+2.0879397E+00
+114.7850E-03,+2.0816583E+00
+114.9000E-03,+2.0891960E+00
+115.0150E-03,+2.0836683E+00
+115.1300E-03,+2.0804020E+00
+115.2450E-03,+2.0844221E+00
+115.3600E-03,+2.0778894E+00
+115.4750E-03,+2.0809045E+00
+115.5900E-03,+2.0806533E+00
+115.7050E-03,+2.0844221E+00
+115.8200E-03,+2.0819095E+00
+115.9350E-03,+2.0804020E+00
+116.0500E-03,+2.0804020E+00
+116.1650E-03,+2.0816583E+00
+116.2800E-03,+2.0796482E+00
+116.3950E-03,+2.0869347E+00
+116.5100E-03,+2.0806533E+00
+116.6250E-03,+2.0829146E+00
+116.7400E-03,+2.0851759E+00
+116.8550E-03,+2.0849246E+00
+116.9700E-03,+2.0879397E+00
+117.0850E-03,+2.0869347E+00
+117.2000E-03,+2.0876884E+00
+117.3150E-03,+2.0844221E+00
+117.4300E-03,+2.0929648E+00
+117.5450E-03,+2.0909548E+00
+117.6600E-03,+2.0907035E+00
+117.7750E-03,+2.0924623E+00
+117.8900E-03,+2.0927136E+00
+118.0050E-03,+2.0949749E+00
+118.1200E-03,+2.0884422E+00
+118.2350E-03,+2.1025126E+00
+118.3500E-03,+2.0919598E+00
+118.4650E-03,+2.0869347E+00
+118.5800E-03,+2.0932161E+00
+118.6950E-03,+2.0957286E+00
+118.8100E-03,+2.0992462E+00
+118.9250E-03,+2.1005025E+00
+119.0400E-03,+2.1020100E+00
+119.1550E-03,+2.1070352E+00
+119.2700E-03,+2.1070352E+00
+119.3850E-03,+2.1030151E+00
+119.5000E-03,+2.1125628E+00
+119.6150E-03,+2.1045226E+00
+119.7300E-03,+2.1050251E+00
+119.8450E-03,+2.1163317E+00
+119.9600E-03,+2.1045226E+00
+120.0750E-03,+2.1150754E+00
+120.1900E-03,+2.1045226E+00
+120.3050E-03,+2.1055276E+00
+120.4200E-03,+2.1052764E+00
+120.5350E-03,+2.1331658E+00
+120.6500E-03,+2.1090452E+00
+120.7650E-03,+2.1150754E+00
+120.8800E-03,+2.1092965E+00
+120.9950E-03,+2.1050251E+00
+121.1100E-03,+2.1087940E+00
+121.2250E-03,+2.1110553E+00
+121.3400E-03,+2.1077889E+00
+121.4550E-03,+2.1077889E+00
+121.5700E-03,+2.1005025E+00
+121.6850E-03,+2.1070352E+00
+121.8000E-03,+2.1045226E+00
+121.9150E-03,+2.1138191E+00
+122.0300E-03,+2.1005025E+00
+122.1450E-03,+2.1017588E+00
+122.2600E-03,+2.1020100E+00
+122.3750E-03,+2.0969849E+00
+122.4900E-03,+2.0919598E+00
+122.6050E-03,+2.0937186E+00
+122.7200E-03,+2.0859296E+00
+122.8350E-03,+2.0944724E+00
+122.9500E-03,+2.0879397E+00
+123.0650E-03,+2.0881910E+00
+123.1800E-03,+2.0859296E+00
+123.2950E-03,+2.0796482E+00
+123.4100E-03,+2.0766332E+00
+123.5250E-03,+2.0763819E+00
+123.6400E-03,+2.0804020E+00
+123.7550E-03,+2.0768844E+00
+123.8700E-03,+2.0763819E+00
+123.9850E-03,+2.0748744E+00
+124.1000E-03,+2.0763819E+00
+124.2150E-03,+2.0804020E+00
+124.3300E-03,+2.0763819E+00
+124.4450E-03,+2.0763819E+00
+124.5600E-03,+2.0804020E+00
+124.6750E-03,+2.0804020E+00
+124.7900E-03,+2.0804020E+00
+124.9050E-03,+2.0856784E+00
+125.0200E-03,+2.0804020E+00
+125.1350E-03,+2.0949749E+00
+125.2500E-03,+2.0806533E+00
+125.3650E-03,+2.0869347E+00
+125.4800E-03,+2.0884422E+00
+125.5950E-03,+2.0876884E+00
+125.7100E-03,+2.0879397E+00
+125.8250E-03,+2.0884422E+00
+125.9400E-03,+2.0929648E+00
+126.0550E-03,+2.0849246E+00
+126.1700E-03,+2.0884422E+00
+126.2850E-03,+2.0922111E+00
+126.4000E-03,+2.0844221E+00
+126.5150E-03,+2.0884422E+00
+126.6300E-03,+2.0919598E+00
+126.7450E-03,+2.0884422E+00
+126.8600E-03,+2.0899497E+00
+126.9750E-03,+2.0989950E+00
+127.0900E-03,+2.0924623E+00
+127.2050E-03,+2.0924623E+00
+127.3200E-03,+2.0964824E+00
+127.4350E-03,+2.0929648E+00
+127.5500E-03,+2.1047739E+00
+127.6650E-03,+2.1057789E+00
+127.7800E-03,+2.1027638E+00
+127.8950E-03,+2.1037688E+00
+128.0100E-03,+2.0934673E+00
+128.1250E-03,+2.1097990E+00
+128.2400E-03,+2.1035176E+00
+128.3550E-03,+2.1138191E+00
+128.4700E-03,+2.1040201E+00
+128.5850E-03,+2.1150754E+00
+128.7000E-03,+2.1092965E+00
+128.8150E-03,+2.1022613E+00
+128.9300E-03,+2.1077889E+00
+129.0450E-03,+2.1057789E+00
+129.1600E-03,+2.1097990E+00
+129.2750E-03,+2.1125628E+00
+129.3900E-03,+2.1080402E+00
+129.5050E-03,+2.1085427E+00
+129.6200E-03,+2.1005025E+00
+129.7350E-03,+2.1010050E+00
+129.8500E-03,+2.1005025E+00
+129.9650E-03,+2.0977387E+00
+130.0800E-03,+2.0964824E+00
+130.1950E-03,+2.0917085E+00
+130.3100E-03,+2.0924623E+00
+130.4250E-03,+2.0831658E+00
+130.5400E-03,+2.0937186E+00
+130.6550E-03,+2.1037688E+00
+130.7700E-03,+2.0886935E+00
+130.8850E-03,+2.0896985E+00
+131.0000E-03,+2.0836683E+00
+131.1150E-03,+2.0809045E+00
+131.2300E-03,+2.0846734E+00
+131.3450E-03,+2.0844221E+00
+131.4600E-03,+2.0763819E+00
+131.5750E-03,+2.0756281E+00
+131.6900E-03,+2.0763819E+00
+131.8050E-03,+2.0776382E+00
+131.9200E-03,+2.0763819E+00
+132.0350E-03,+2.0763819E+00
+132.1500E-03,+2.0768844E+00
+132.2650E-03,+2.0748744E+00
+132.3800E-03,+2.0763819E+00
+132.4950E-03,+2.0728643E+00
+132.6100E-03,+2.0758794E+00
+132.7250E-03,+2.0736181E+00
+132.8400E-03,+2.0723618E+00
+132.9550E-03,+2.0763819E+00
+133.0700E-03,+2.0723618E+00
+133.1850E-03,+2.0763819E+00
+133.3000E-03,+2.0763819E+00
+133.4150E-03,+2.0763819E+00
+133.5300E-03,+2.0798995E+00
+133.6450E-03,+2.0829146E+00
+133.7600E-03,+2.0786432E+00
+133.8750E-03,+2.0876884E+00
+133.9900E-03,+2.0839196E+00
+134.1050E-03,+2.0816583E+00
+134.2200E-03,+2.0826633E+00
+134.3350E-03,+2.0816583E+00
+134.4500E-03,+2.0798995E+00
+134.5650E-03,+2.0844221E+00
+134.6800E-03,+2.0907035E+00
+134.7950E-03,+2.0884422E+00
+134.9100E-03,+2.0798995E+00
+135.0250E-03,+2.0829146E+00
+135.1400E-03,+2.0844221E+00
+135.2550E-03,+2.0849246E+00
+135.3700E-03,+2.0884422E+00
+135.4850E-03,+2.0924623E+00
+135.6000E-03,+2.0884422E+00
+135.7150E-03,+2.0997487E+00
+135.8300E-03,+2.0957286E+00
+135.9450E-03,+2.0924623E+00
+136.0600E-03,+2.1027638E+00
+136.1750E-03,+2.1005025E+00
+136.2900E-03,+2.0974874E+00
+136.4050E-03,+2.1005025E+00
+136.5200E-03,+2.0989950E+00
+136.6350E-03,+2.0964824E+00
+136.7500E-03,+2.0917085E+00
+136.8650E-03,+2.1030151E+00
+136.9800E-03,+2.1020100E+00
+137.0950E-03,+2.0957286E+00
+137.2100E-03,+2.0927136E+00
+137.3250E-03,+2.0964824E+00
+137.4400E-03,+2.0987437E+00
+137.5550E-03,+2.0949749E+00
+137.6700E-03,+2.0974874E+00
+137.7850E-03,+2.0937186E+00
+137.9000E-03,+2.1037688E+00
+138.0150E-03,+2.1097990E+00
+138.1300E-03,+2.0969849E+00
+138.2450E-03,+2.1005025E+00
+138.3600E-03,+2.0964824E+00
+138.4750E-03,+2.0889447E+00
+138.5900E-03,+2.0889447E+00
+138.7050E-03,+2.1017588E+00
+138.8200E-03,+2.0899497E+00
+138.9350E-03,+2.0917085E+00
+139.0500E-03,+2.0924623E+00
+139.1650E-03,+2.0909548E+00
+139.2800E-03,+2.0876884E+00
+139.3950E-03,+2.0869347E+00
+139.5100E-03,+2.0806533E+00
+139.6250E-03,+2.0763819E+00
+139.7400E-03,+2.0748744E+00
+139.8550E-03,+2.0776382E+00
+139.9700E-03,+2.0718593E+00
+140.0850E-03,+2.0695980E+00
+140.2000E-03,+2.0643216E+00
+140.3150E-03,+2.0648241E+00
+140.4300E-03,+2.0685930E+00
+140.5450E-03,+2.0683417E+00
+140.6600E-03,+2.0683417E+00
+140.7750E-03,+2.0683417E+00
+140.8900E-03,+2.0643216E+00
+141.0050E-03,+2.0683417E+00
+141.1200E-03,+2.0723618E+00
+141.2350E-03,+2.0723618E+00
+141.3500E-03,+2.0723618E+00
+141.4650E-03,+2.0708543E+00
+141.5800E-03,+2.0706030E+00
+141.6950E-03,+2.0723618E+00
+141.8100E-03,+2.0726131E+00
+141.9250E-03,+2.0723618E+00
+142.0400E-03,+2.0723618E+00
+142.1550E-03,+2.0756281E+00
+142.2700E-03,+2.0723618E+00
+142.3850E-03,+2.0736181E+00
+142.5000E-03,+2.0756281E+00
+142.6150E-03,+2.0728643E+00
+142.7300E-03,+2.0831658E+00
+142.8450E-03,+2.0776382E+00
+142.9600E-03,+2.0746231E+00
+143.0750E-03,+2.0736181E+00
+143.1900E-03,+2.0763819E+00
+143.3050E-03,+2.0776382E+00
+143.4200E-03,+2.0804020E+00
+143.5350E-03,+2.0763819E+00
+143.6500E-03,+2.0869347E+00
+143.7650E-03,+2.0869347E+00
+143.8800E-03,+2.0866834E+00
+143.9950E-03,+2.0856784E+00
+144.1100E-03,+2.0917085E+00
+144.2250E-03,+2.1005025E+00
+144.3400E-03,+2.0907035E+00
+144.4550E-03,+2.0942211E+00
+144.5700E-03,+2.0959799E+00
+144.6850E-03,+2.0909548E+00
+144.8000E-03,+2.0924623E+00
+144.9150E-03,+2.0889447E+00
+145.0300E-03,+2.0886935E+00
+145.1450E-03,+2.0964824E+00
+145.2600E-03,+2.0969849E+00
+145.3750E-03,+2.1030151E+00
+145.4900E-03,+2.1000000E+00
+145.6050E-03,+2.0949749E+00
+145.7200E-03,+2.0924623E+00
+145.8350E-03,+2.0884422E+00
+145.9500E-03,+2.0959799E+00
+146.0650E-03,+2.0829146E+00
+146.1800E-03,+2.0947236E+00
+146.2950E-03,+2.1030151E+00
+146.4100E-03,+2.0957286E+00
+146.5250E-03,+2.0909548E+00
+146.6400E-03,+2.0836683E+00
+146.7550E-03,+2.0821608E+00
+146.8700E-03,+2.0917085E+00
+146.9850E-03,+2.0844221E+00
+147.1000E-03,+2.0826633E+00
+147.2150E-03,+2.0856784E+00
+147.3300E-03,+2.0839196E+00
+147.4450E-03,+2.0896985E+00
+147.5600E-03,+2.0819095E+00
+147.6750E-03,+2.0763819E+00
+147.7900E-03,+2.0688442E+00
+147.9050E-03,+2.0748744E+00
+148.0200E-03,+2.0738693E+00
+148.1350E-03,+2.0648241E+00
+148.2500E-03,+2.0645729E+00
+148.3650E-03,+2.0723618E+00
+148.4800E-03,+2.0643216E+00
+148.5950E-03,+2.0643216E+00
+148.7100E-03,+2.0678392E+00
+148.8250E-03,+2.0643216E+00
+148.9400E-03,+2.0625628E+00
+149.0550E-03,+2.0608040E+00
+149.1700E-03,+2.0605528E+00
+149.2850E-03,+2.0655779E+00
+149.4000E-03,+2.0618090E+00
+149.5150E-03,+2.0608040E+00
+149.6300E-03,+2.0643216E+00
+149.7450E-03,+2.0668342E+00
+149.8600E-03,+2.0643216E+00
+149.9750E-03,+2.0675879E+00
+150.0900E-03,+2.0683417E+00
+150.2050E-03,+2.0723618E+00
+150.3200E-03,+2.0683417E+00
+150.4350E-03,+2.0675879E+00
+150.5500E-03,+2.0726131E+00
+150.6650E-03,+2.0736181E+00
+150.7800E-03,+2.0786432E+00
+150.8950E-03,+2.0796482E+00
+151.0100E-03,+2.0763819E+00
+151.1250E-03,+2.0695980E+00
+151.2400E-03,+2.0738693E+00
+151.3550E-03,+2.0728643E+00
+151.4700E-03,+2.0723618E+00
+151.5850E-03,+2.0763819E+00
+151.7000E-03,+2.0763819E+00
+151.8150E-03,+2.0728643E+00
+151.9300E-03,+2.0758794E+00
+152.0450E-03,+2.0788945E+00
+152.1600E-03,+2.0811558E+00
+152.2750E-03,+2.0804020E+00
+152.3900E-03,+2.0766332E+00
+152.5050E-03,+2.0856784E+00
+152.6200E-03,+2.0917085E+00
+152.7350E-03,+2.0788945E+00
+152.8500E-03,+2.0884422E+00
+152.9650E-03,+2.0977387E+00
+153.0800E-03,+2.0849246E+00
+153.1950E-03,+2.0984925E+00
+153.3100E-03,+2.0816583E+00
+153.4250E-03,+2.0949749E+00
+153.5400E-03,+2.0869347E+00
+153.6550E-03,+2.0844221E+00
+153.7700E-03,+2.0949749E+00
+153.8850E-03,+2.0856784E+00
+154.0000E-03,+2.0829146E+00
+154.1150E-03,+2.0884422E+00
+154.2300E-03,+2.0957286E+00
+154.3450E-03,+2.0869347E+00
+154.4600E-03,+2.0826633E+00
+154.5750E-03,+2.0876884E+00
+154.6900E-03,+2.0949749E+00
+154.8050E-03,+2.0804020E+00
+154.9200E-03,+2.0866834E+00
+155.0350E-03,+2.0861809E+00
+155.1500E-03,+2.0836683E+00
+155.2650E-03,+2.0801508E+00
+155.3800E-03,+2.0738693E+00
+155.4950E-03,+2.0796482E+00
+155.6100E-03,+2.0804020E+00
+155.7250E-03,+2.0736181E+00
+155.8400E-03,+2.0796482E+00
+155.9550E-03,+2.0620603E+00
+156.0700E-03,+2.0758794E+00
+156.1850E-03,+2.0708543E+00
+156.3000E-03,+2.0683417E+00
+156.4150E-03,+2.0655779E+00
+156.5300E-03,+2.0643216E+00
+156.6450E-03,+2.0655779E+00
+156.7600E-03,+2.0577889E+00
+156.8750E-03,+2.0603015E+00
+156.9900E-03,+2.0562814E+00
+157.1050E-03,+2.0562814E+00
+157.2200E-03,+2.0603015E+00
+157.3350E-03,+2.0595477E+00
+157.4500E-03,+2.0522613E+00
+157.5650E-03,+2.0547739E+00
+157.6800E-03,+2.0603015E+00
+157.7950E-03,+2.0595477E+00
+157.9100E-03,+2.0638191E+00
+158.0250E-03,+2.0603015E+00
+158.1400E-03,+2.0643216E+00
+158.2550E-03,+2.0562814E+00
+158.3700E-03,+2.0567839E+00
+158.4850E-03,+2.0680905E+00
+158.6000E-03,+2.0625628E+00
+158.7150E-03,+2.0608040E+00
+158.8300E-03,+2.0685930E+00
+158.9450E-03,+2.0695980E+00
+159.0600E-03,+2.0595477E+00
+159.1750E-03,+2.0675879E+00
+159.2900E-03,+2.0751256E+00
+159.4050E-03,+2.0615578E+00
+159.5200E-03,+2.0675879E+00
+159.6350E-03,+2.0615578E+00
+159.7500E-03,+2.0608040E+00
+159.8650E-03,+2.0668342E+00
+159.9800E-03,+2.0658291E+00
+160.0950E-03,+2.0683417E+00
+160.2100E-03,+2.0726131E+00
+160.3250E-03,+2.0723618E+00
+160.4400E-03,+2.0698492E+00
+160.5550E-03,+2.0615578E+00
+160.6700E-03,+2.0726131E+00
+160.7850E-03,+2.0763819E+00
+160.9000E-03,+2.0716080E+00
+161.0150E-03,+2.0768844E+00
+161.1300E-03,+2.0804020E+00
+161.2450E-03,+2.0788945E+00
+161.3600E-03,+2.0836683E+00
+161.4750E-03,+2.0768844E+00
+161.5900E-03,+2.0693467E+00
+161.7050E-03,+2.0829146E+00
+161.8200E-03,+2.0866834E+00
+161.9350E-03,+2.0776382E+00
+162.0500E-03,+2.0846734E+00
+162.1650E-03,+2.0829146E+00
+162.2800E-03,+2.0866834E+00
+162.3950E-03,+2.0741206E+00
+162.5100E-03,+2.0839196E+00
+162.6250E-03,+2.0896985E+00
+162.7400E-03,+2.0826633E+00
+162.8550E-03,+2.0829146E+00
+162.9700E-03,+2.0809045E+00
+163.0850E-03,+2.0763819E+00
+163.2000E-03,+2.0778894E+00
+163.3150E-03,+2.0796482E+00
+163.4300E-03,+2.0763819E+00
+163.5450E-03,+2.0736181E+00
+163.6600E-03,+2.0738693E+00
+163.7750E-03,+2.0728643E+00
+163.8900E-03,+2.0718593E+00
+164.0050E-03,+2.0788945E+00
+164.1200E-03,+2.0683417E+00
+164.2350E-03,+2.0648241E+00
+164.3500E-03,+2.0562814E+00
+164.4650E-03,+2.0628141E+00
+164.5800E-03,+2.0522613E+00
+164.6950E-03,+2.0567839E+00
+164.8100E-03,+2.0565327E+00
+164.9250E-03,+2.0562814E+00
+165.0400E-03,+2.0562814E+00
+165.1550E-03,+2.0547739E+00
+165.2700E-03,+2.0525126E+00
+165.3850E-03,+2.0482412E+00
+165.5000E-03,+2.0474874E+00
+165.6150E-03,+2.0527638E+00
+165.7300E-03,+2.0484925E+00
+165.8450E-03,+2.0562814E+00
+165.9600E-03,+2.0522613E+00
+166.0750E-03,+2.0555276E+00
+166.1900E-03,+2.0522613E+00
+166.3050E-03,+2.0494975E+00
+166.4200E-03,+2.0522613E+00
+166.5350E-03,+2.0515075E+00
+166.6500E-03,+2.0482412E+00
+166.7650E-03,+2.0522613E+00
+166.8800E-03,+2.0505025E+00
+166.9950E-03,+2.0562814E+00
+167.1100E-03,+2.0565327E+00
+167.2250E-03,+2.0562814E+00
+167.3400E-03,+2.0595477E+00
+167.4550E-03,+2.0628141E+00
+167.5700E-03,+2.0603015E+00
+167.6850E-03,+2.0575377E+00
+167.8000E-03,+2.0643216E+00
+167.9150E-03,+2.0562814E+00
+168.0300E-03,+2.0565327E+00
+168.1450E-03,+2.0615578E+00
+168.2600E-03,+2.0603015E+00
+168.3750E-03,+2.0555276E+00
+168.4900E-03,+2.0557789E+00
+168.6050E-03,+2.0562814E+00
+168.7200E-03,+2.0618090E+00
+168.8350E-03,+2.0648241E+00
+168.9500E-03,+2.0653266E+00
+169.0650E-03,+2.0695980E+00
+169.1800E-03,+2.0716080E+00
+169.2950E-03,+2.0723618E+00
+169.4100E-03,+2.0758794E+00
+169.5250E-03,+2.0736181E+00
+169.6400E-03,+2.0683417E+00
+169.7550E-03,+2.0688442E+00
+169.8700E-03,+2.0796482E+00
+169.9850E-03,+2.0683417E+00
+170.1000E-03,+2.0793970E+00
+170.2150E-03,+2.0736181E+00
+170.3300E-03,+2.0718593E+00
+170.4450E-03,+2.0748744E+00
+170.5600E-03,+2.0746231E+00
+170.6750E-03,+2.0761307E+00
+170.7900E-03,+2.0763819E+00
+170.9050E-03,+2.0829146E+00
+171.0200E-03,+2.0698492E+00
+171.1350E-03,+2.0781407E+00
+171.2500E-03,+2.0804020E+00
+171.3650E-03,+2.0804020E+00
+171.4800E-03,+2.0728643E+00
+171.5950E-03,+2.0728643E+00
+171.7100E-03,+2.0718593E+00
+171.8250E-03,+2.0723618E+00
+171.9400E-03,+2.0756281E+00
+172.0550E-03,+2.0716080E+00
+172.1700E-03,+2.0718593E+00
+172.2850E-03,+2.0643216E+00
+172.4000E-03,+2.0683417E+00
+172.5150E-03,+2.0655779E+00
+172.6300E-03,+2.0597990E+00
+172.7450E-03,+2.0547739E+00
+172.8600E-03,+2.0512563E+00
+172.9750E-03,+2.0522613E+00
+173.0900E-03,+2.0484925E+00
+173.2050E-03,+2.0494975E+00
+173.3200E-03,+2.0505025E+00
+173.4350E-03,+2.0507538E+00
+173.5500E-03,+2.0444724E+00
+173.6650E-03,+2.0414573E+00
+173.7800E-03,+2.0457286E+00
+173.8950E-03,+2.0402010E+00
+174.0100E-03,+2.0442211E+00
+174.1250E-03,+2.0454774E+00
+174.2400E-03,+2.0442211E+00
+174.3550E-03,+2.0447236E+00
+174.4700E-03,+2.0402010E+00
+174.5850E-03,+2.0442211E+00
+174.7000E-03,+2.0442211E+00
+174.8150E-03,+2.0414573E+00
+174.9300E-03,+2.0404523E+00
+175.0450E-03,+2.0467337E+00
+175.1600E-03,+2.0442211E+00
+175.2750E-03,+2.0434673E+00
+175.3900E-03,+2.0482412E+00
+175.5050E-03,+2.0535176E+00
+175.6200E-03,+2.0482412E+00
+175.7350E-03,+2.0515075E+00
+175.8500E-03,+2.0484925E+00
+175.9650E-03,+2.0522613E+00
+176.0800E-03,+2.0497487E+00
+176.1950E-03,+2.0487437E+00
+176.3100E-03,+2.0525126E+00
+176.4250E-03,+2.0482412E+00
+176.5400E-03,+2.0522613E+00
+176.6550E-03,+2.0547739E+00
+176.7700E-03,+2.0557789E+00
+176.8850E-03,+2.0603015E+00
+177.0000E-03,+2.0610553E+00
+177.1150E-03,+2.0555276E+00
+177.2300E-03,+2.0597990E+00
+177.3450E-03,+2.0603015E+00
+177.4600E-03,+2.0658291E+00
+177.5750E-03,+2.0668342E+00
+177.6900E-03,+2.0678392E+00
+177.8050E-03,+2.0668342E+00
+177.9200E-03,+2.0665829E+00
+178.0350E-03,+2.0736181E+00
+178.1500E-03,+2.0643216E+00
+178.2650E-03,+2.0643216E+00
+178.3800E-03,+2.0658291E+00
+178.4950E-03,+2.0816583E+00
+178.6100E-03,+2.0821608E+00
+178.7250E-03,+2.0680905E+00
+178.8400E-03,+2.0648241E+00
+178.9550E-03,+2.0683417E+00
+179.0700E-03,+2.0572864E+00
+179.1850E-03,+2.0680905E+00
+179.3000E-03,+2.0665829E+00
+179.4150E-03,+2.0643216E+00
+179.5300E-03,+2.0643216E+00
+179.6450E-03,+2.0628141E+00
+179.7600E-03,+2.0643216E+00
+179.8750E-03,+2.0575377E+00
+179.9900E-03,+2.0643216E+00
+180.1050E-03,+2.0587940E+00
+180.2200E-03,+2.0658291E+00
+180.3350E-03,+2.0655779E+00
+180.4500E-03,+2.0605528E+00
+180.5650E-03,+2.0668342E+00
+180.6800E-03,+2.0585427E+00
+180.7950E-03,+2.0555276E+00
+180.9100E-03,+2.0628141E+00
+181.0250E-03,+2.0522613E+00
+181.1400E-03,+2.0522613E+00
+181.2550E-03,+2.0467337E+00
+181.3700E-03,+2.0402010E+00
+181.4850E-03,+2.0427136E+00
+181.6000E-03,+2.0344221E+00
+181.7150E-03,+2.0427136E+00
+181.8300E-03,+2.0361809E+00
+181.9450E-03,+2.0361809E+00
+182.0600E-03,+2.0376884E+00
+182.1750E-03,+2.0361809E+00
+182.2900E-03,+2.0396985E+00
+182.4050E-03,+2.0346734E+00
+182.5200E-03,+2.0336683E+00
+182.6350E-03,+2.0366834E+00
+182.7500E-03,+2.0364322E+00
+182.8650E-03,+2.0414573E+00
+182.9800E-03,+2.0344221E+00
+183.0950E-03,+2.0366834E+00
+183.2100E-03,+2.0396985E+00
+183.3250E-03,+2.0361809E+00
+183.4400E-03,+2.0361809E+00
+183.5550E-03,+2.0442211E+00
+183.6700E-03,+2.0407035E+00
+183.7850E-03,+2.0467337E+00
+183.9000E-03,+2.0442211E+00
+184.0150E-03,+2.0474874E+00
+184.1300E-03,+2.0404523E+00
+184.2450E-03,+2.0442211E+00
+184.3600E-03,+2.0487437E+00
+184.4750E-03,+2.0467337E+00
+184.5900E-03,+2.0444724E+00
+184.7050E-03,+2.0402010E+00
+184.8200E-03,+2.0417085E+00
+184.9350E-03,+2.0467337E+00
+185.0500E-03,+2.0407035E+00
+185.1650E-03,+2.0442211E+00
+185.2800E-03,+2.0417085E+00
+185.3950E-03,+2.0527638E+00
+185.5100E-03,+2.0487437E+00
+185.6250E-03,+2.0482412E+00
+185.7400E-03,+2.0515075E+00
+185.8550E-03,+2.0595477E+00
+185.9700E-03,+2.0638191E+00
+186.0850E-03,+2.0587940E+00
+186.2000E-03,+2.0577889E+00
+186.3150E-03,+2.0603015E+00
+186.4300E-03,+2.0557789E+00
+186.5450E-03,+2.0643216E+00
+186.6600E-03,+2.0603015E+00
+186.7750E-03,+2.0663317E+00
+186.8900E-03,+2.0660804E+00
+187.0050E-03,+2.0643216E+00
+187.1200E-03,+2.0585427E+00
+187.2350E-03,+2.0560302E+00
+187.3500E-03,+2.0562814E+00
+187.4650E-03,+2.0520100E+00
+187.5800E-03,+2.0555276E+00
+187.6950E-03,+2.0668342E+00
+187.8100E-03,+2.0603015E+00
+187.9250E-03,+2.0547739E+00
+188.0400E-03,+2.0522613E+00
+188.1550E-03,+2.0527638E+00
+188.2700E-03,+2.0597990E+00
+188.3850E-03,+2.0615578E+00
+188.5000E-03,+2.0592965E+00
+188.6150E-03,+2.0567839E+00
+188.7300E-03,+2.0522613E+00
+188.8450E-03,+2.0494975E+00
+188.9600E-03,+2.0505025E+00
+189.0750E-03,+2.0494975E+00
+189.1900E-03,+2.0477387E+00
+189.3050E-03,+2.0427136E+00
+189.4200E-03,+2.0402010E+00
+189.5350E-03,+2.0427136E+00
+189.6500E-03,+2.0331658E+00
+189.7650E-03,+2.0402010E+00
+189.8800E-03,+2.0376884E+00
+189.9950E-03,+2.0326633E+00
+190.1100E-03,+2.0321608E+00
+190.2250E-03,+2.0321608E+00
+190.3400E-03,+2.0361809E+00
+190.4550E-03,+2.0281407E+00
+190.5700E-03,+2.0321608E+00
+190.6850E-03,+2.0321608E+00
+190.8000E-03,+2.0273869E+00
+190.9150E-03,+2.0281407E+00
+191.0300E-03,+2.0316583E+00
+191.1450E-03,+2.0281407E+00
+191.2600E-03,+2.0321608E+00
+191.3750E-03,+2.0321608E+00
+191.4900E-03,+2.0281407E+00
+191.6050E-03,+2.0293970E+00
+191.7200E-03,+2.0304020E+00
+191.8350E-03,+2.0361809E+00
+191.9500E-03,+2.0334171E+00
+192.0650E-03,+2.0399497E+00
+192.1800E-03,+2.0376884E+00
+192.2950E-03,+2.0334171E+00
+192.4100E-03,+2.0429648E+00
+192.5250E-03,+2.0321608E+00
+192.6400E-03,+2.0361809E+00
+192.7550E-03,+2.0354271E+00
+192.8700E-03,+2.0366834E+00
+192.9850E-03,+2.0334171E+00
+193.1000E-03,+2.0407035E+00
+193.2150E-03,+2.0462312E+00
+193.3300E-03,+2.0361809E+00
+193.4450E-03,+2.0402010E+00
+193.5600E-03,+2.0361809E+00
+193.6750E-03,+2.0434673E+00
+193.7900E-03,+2.0361809E+00
+193.9050E-03,+2.0494975E+00
+194.0200E-03,+2.0487437E+00
+194.1350E-03,+2.0567839E+00
+194.2500E-03,+2.0454774E+00
+194.3650E-03,+2.0547739E+00
+194.4800E-03,+2.0562814E+00
+194.5950E-03,+2.0562814E+00
+194.7100E-03,+2.0567839E+00
+194.8250E-03,+2.0547739E+00
+194.9400E-03,+2.0595477E+00
+195.0550E-03,+2.0595477E+00
+195.1700E-03,+2.0597990E+00
+195.2850E-03,+2.0587940E+00
+195.4000E-03,+2.0507538E+00
+195.5150E-03,+2.0555276E+00
+195.6300E-03,+2.0678392E+00
+195.7450E-03,+2.0575377E+00
+195.8600E-03,+2.0545226E+00
+195.9750E-03,+2.0527638E+00
+196.0900E-03,+2.0522613E+00
+196.2050E-03,+2.0575377E+00
+196.3200E-03,+2.0567839E+00
+196.4350E-03,+2.0535176E+00
+196.5500E-03,+2.0555276E+00
+196.6650E-03,+2.0507538E+00
+196.7800E-03,+2.0494975E+00
+196.8950E-03,+2.0474874E+00
+197.0100E-03,+2.0522613E+00
+197.1250E-03,+2.0454774E+00
+197.2400E-03,+2.0344221E+00
+197.3550E-03,+2.0442211E+00
+197.4700E-03,+2.0477387E+00
+197.5850E-03,+2.0467337E+00
+197.7000E-03,+2.0424623E+00
+197.8150E-03,+2.0366834E+00
+197.9300E-03,+2.0324121E+00
+198.0450E-03,+2.0293970E+00
+198.1600E-03,+2.0311558E+00
+198.2750E-03,+2.0314070E+00
+198.3900E-03,+2.0241206E+00
+198.5050E-03,+2.0241206E+00
+198.6200E-03,+2.0296482E+00
+198.7350E-03,+2.0201005E+00
+198.8500E-03,+2.0243719E+00
+198.9650E-03,+2.0266332E+00
+199.0800E-03,+2.0256281E+00
+199.1950E-03,+2.0206030E+00
+199.3100E-03,+2.0203518E+00
+199.4250E-03,+2.0241206E+00
+199.5400E-03,+2.0256281E+00
+199.6550E-03,+2.0241206E+00
+199.7700E-03,+2.0201005E+00
+199.8850E-03,+2.0241206E+00
+200.0000E-03,+2.0281407E+00
+200.1150E-03,+2.0246231E+00
+200.2300E-03,+2.0291457E+00
+200.3450E-03,+2.0306533E+00
+200.4600E-03,+2.0336683E+00
+200.5750E-03,+2.0326633E+00
+200.6900E-03,+2.0241206E+00
+200.8050E-03,+2.0359296E+00
+200.9200E-03,+2.0304020E+00
+201.0350E-03,+2.0281407E+00
+201.1500E-03,+2.0354271E+00
+201.2650E-03,+2.0321608E+00
+201.3800E-03,+2.0321608E+00
+201.4950E-03,+2.0293970E+00
+201.6100E-03,+2.0356784E+00
+201.7250E-03,+2.0346734E+00
+201.8400E-03,+2.0273869E+00
+201.9550E-03,+2.0334171E+00
+202.0700E-03,+2.0321608E+00
+202.1850E-03,+2.0361809E+00
+202.3000E-03,+2.0447236E+00
+202.4150E-03,+2.0535176E+00
+202.5300E-03,+2.0590452E+00
+202.6450E-03,+2.0467337E+00
+202.7600E-03,+2.0417085E+00
+202.8750E-03,+2.0542714E+00
+202.9900E-03,+2.0515075E+00
+203.1050E-03,+2.0479899E+00
+203.2200E-03,+2.0489950E+00
+203.3350E-03,+2.0407035E+00
+203.4500E-03,+2.0482412E+00
+203.5650E-03,+2.0494975E+00
+203.6800E-03,+2.0497487E+00
+203.7950E-03,+2.0474874E+00
+203.9100E-03,+2.0404523E+00
+204.0250E-03,+2.0427136E+00
+204.1400E-03,+2.0457286E+00
+204.2550E-03,+2.0407035E+00
+204.3700E-03,+2.0404523E+00
+204.4850E-03,+2.0361809E+00
+204.6000E-03,+2.0494975E+00
+204.7150E-03,+2.0570352E+00
+204.8300E-03,+2.0366834E+00
+204.9450E-03,+2.0414573E+00
+205.0600E-03,+2.0402010E+00
+205.1750E-03,+2.0326633E+00
+205.2900E-03,+2.0402010E+00
+205.4050E-03,+2.0427136E+00
+205.5200E-03,+2.0321608E+00
+205.6350E-03,+2.0226131E+00
+205.7500E-03,+2.0394472E+00
+205.8650E-03,+2.0442211E+00
+205.9800E-03,+2.0361809E+00
+206.0950E-03,+2.0293970E+00
+206.2100E-03,+2.0324121E+00
+206.3250E-03,+2.0266332E+00
+206.4400E-03,+2.0263819E+00
+206.5550E-03,+2.0281407E+00
+206.6700E-03,+2.0233668E+00
+206.7850E-03,+2.0201005E+00
+206.9000E-03,+2.0223618E+00
+207.0150E-03,+2.0160804E+00
+207.1300E-03,+2.0195980E+00
+207.2450E-03,+2.0201005E+00
+207.3600E-03,+2.0160804E+00
+207.4750E-03,+2.0206030E+00
+207.5900E-03,+2.0201005E+00
+207.7050E-03,+2.0145729E+00
+207.8200E-03,+2.0201005E+00
+207.9350E-03,+2.0206030E+00
+208.0500E-03,+2.0241206E+00
+208.1650E-03,+2.0281407E+00
+208.2800E-03,+2.0223618E+00
+208.3950E-03,+2.0206030E+00
+208.5100E-03,+2.0276382E+00
+208.6250E-03,+2.0266332E+00
+208.7400E-03,+2.0281407E+00
+208.8550E-03,+2.0253769E+00
+208.9700E-03,+2.0241206E+00
+209.0850E-03,+2.0319095E+00
+209.2000E-03,+2.0263819E+00
+209.3150E-03,+2.0273869E+00
+209.4300E-03,+2.0276382E+00
+209.5450E-03,+2.0266332E+00
+209.6600E-03,+2.0273869E+00
+209.7750E-03,+2.0286432E+00
+209.8900E-03,+2.0316583E+00
+210.0050E-03,+2.0306533E+00
+210.1200E-03,+2.0263819E+00
+210.2350E-03,+2.0281407E+00
+210.3500E-03,+2.0283920E+00
+210.4650E-03,+2.0293970E+00
+210.5800E-03,+2.0407035E+00
+210.6950E-03,+2.0394472E+00
+210.8100E-03,+2.0474874E+00
+210.9250E-03,+2.0386935E+00
+211.0400E-03,+2.0464824E+00
+211.1550E-03,+2.0427136E+00
+211.2700E-03,+2.0437186E+00
+211.3850E-03,+2.0346734E+00
+211.5000E-03,+2.0424623E+00
+211.6150E-03,+2.0391960E+00
+211.7300E-03,+2.0477387E+00
+211.8450E-03,+2.0467337E+00
+211.9600E-03,+2.0427136E+00
+212.0750E-03,+2.0339196E+00
+212.1900E-03,+2.0396985E+00
+212.3050E-03,+2.0414573E+00
+212.4200E-03,+2.0464824E+00
+212.5350E-03,+2.0467337E+00
+212.6500E-03,+2.0444724E+00
+212.7650E-03,+2.0427136E+00
+212.8800E-03,+2.0384422E+00
+212.9950E-03,+2.0407035E+00
+213.1100E-03,+2.0555276E+00
+213.2250E-03,+2.0427136E+00
+213.3400E-03,+2.0447236E+00
+213.4550E-03,+2.0419598E+00
+213.5700E-03,+2.0434673E+00
+213.6850E-03,+2.0293970E+00
+213.8000E-03,+2.0329146E+00
+213.9150E-03,+2.0394472E+00
+214.0300E-03,+2.0402010E+00
+214.1450E-03,+2.0321608E+00
+214.2600E-03,+2.0326633E+00
+214.3750E-03,+2.0233668E+00
+214.4900E-03,+2.0283920E+00
+214.6050E-03,+2.0281407E+00
+214.7200E-03,+2.0201005E+00
+214.8350E-03,+2.0193467E+00
+214.9500E-03,+2.0160804E+00
+215.0650E-03,+2.0145729E+00
+215.1800E-03,+2.0160804E+00
+215.2950E-03,+2.0120603E+00
+215.4100E-03,+2.0160804E+00
+215.5250E-03,+2.0160804E+00
+215.6400E-03,+2.0143216E+00
+215.7550E-03,+2.0120603E+00
+215.8700E-03,+2.0160804E+00
+215.9850E-03,+2.0160804E+00
+216.1000E-03,+2.0135678E+00
+216.2150E-03,+2.0153266E+00
+216.3300E-03,+2.0155779E+00
+216.4450E-03,+2.0160804E+00
+216.5600E-03,+2.0160804E+00
+216.6750E-03,+2.0125628E+00
+216.7900E-03,+2.0160804E+00
+216.9050E-03,+2.0201005E+00
+217.0200E-03,+2.0304020E+00
+217.1350E-03,+2.0246231E+00
+217.2500E-03,+2.0203518E+00
+217.3650E-03,+2.0241206E+00
+217.4800E-03,+2.0263819E+00
+217.5950E-03,+2.0233668E+00
+217.7100E-03,+2.0306533E+00
+217.8250E-03,+2.0213568E+00
+217.9400E-03,+2.0216080E+00
+218.0550E-03,+2.0213568E+00
+218.1700E-03,+2.0201005E+00
+218.2850E-03,+2.0201005E+00
+218.4000E-03,+2.0223618E+00
+218.5150E-03,+2.0241206E+00
+218.6300E-03,+2.0236181E+00
+218.7450E-03,+2.0241206E+00
+218.8600E-03,+2.0321608E+00
+218.9750E-03,+2.0321608E+00
+219.0900E-03,+2.0324121E+00
+219.2050E-03,+2.0334171E+00
+219.3200E-03,+2.0321608E+00
+219.4350E-03,+2.0427136E+00
+219.5500E-03,+2.0396985E+00
+219.6650E-03,+2.0334171E+00
+219.7800E-03,+2.0304020E+00
+219.8950E-03,+2.0334171E+00
+220.0100E-03,+2.0361809E+00
+220.1250E-03,+2.0427136E+00
+220.2400E-03,+2.0457286E+00
+220.3550E-03,+2.0427136E+00
+220.4700E-03,+2.0434673E+00
+220.5850E-03,+2.0374372E+00
+220.7000E-03,+2.0366834E+00
+220.8150E-03,+2.0638191E+00
+220.9300E-03,+2.0442211E+00
+221.0450E-03,+2.0467337E+00
+221.1600E-03,+2.0402010E+00
+221.2750E-03,+2.0422111E+00
+221.3900E-03,+2.0437186E+00
+221.5050E-03,+2.0374372E+00
+221.6200E-03,+2.0432161E+00
+221.7350E-03,+2.0414573E+00
+221.8500E-03,+2.0321608E+00
+221.9650E-03,+2.0321608E+00
+222.0800E-03,+2.0351759E+00
+222.1950E-03,+2.0341709E+00
+222.3100E-03,+2.0283920E+00
+222.4250E-03,+2.0306533E+00
+222.5400E-03,+2.0361809E+00
+222.6550E-03,+2.0213568E+00
+222.7700E-03,+2.0241206E+00
+222.8850E-03,+2.0213568E+00
+223.0000E-03,+2.0216080E+00
+223.1150E-03,+2.0248744E+00
+223.2300E-03,+2.0195980E+00
+223.3450E-03,+2.0185930E+00
+223.4600E-03,+2.0120603E+00
+223.5750E-03,+2.0113065E+00
+223.6900E-03,+2.0115578E+00
+223.8050E-03,+2.0080402E+00
+223.9200E-03,+2.0135678E+00
+224.0350E-03,+2.0160804E+00
+224.1500E-03,+2.0160804E+00
+224.2650E-03,+2.0120603E+00
+224.3800E-03,+2.0120603E+00
+224.4950E-03,+2.0080402E+00
+224.6100E-03,+2.0160804E+00
+224.7250E-03,+2.0145729E+00
+224.8400E-03,+2.0135678E+00
+224.9550E-03,+2.0120603E+00
+225.0700E-03,+2.0123116E+00
+225.1850E-03,+2.0160804E+00
+225.3000E-03,+2.0223618E+00
+225.4150E-03,+2.0178392E+00
+225.5300E-03,+2.0163317E+00
+225.6450E-03,+2.0253769E+00
+225.7600E-03,+2.0201005E+00
+225.8750E-03,+2.0160804E+00
+225.9900E-03,+2.0120603E+00
+226.1050E-03,+2.0185930E+00
+226.2200E-03,+2.0256281E+00
+226.3350E-03,+2.0097990E+00
+226.4500E-03,+2.0236181E+00
+226.5650E-03,+2.0253769E+00
+226.6800E-03,+2.0143216E+00
+226.7950E-03,+2.0241206E+00
+226.9100E-03,+2.0203518E+00
+227.0250E-03,+2.0253769E+00
+227.1400E-03,+2.0304020E+00
+227.2550E-03,+2.0233668E+00
+227.3700E-03,+2.0314070E+00
+227.4850E-03,+2.0361809E+00
+227.6000E-03,+2.0326633E+00
+227.7150E-03,+2.0293970E+00
+227.8300E-03,+2.0434673E+00
+227.9450E-03,+2.0442211E+00
+228.0600E-03,+2.0394472E+00
+228.1750E-03,+2.0311558E+00
+228.2900E-03,+2.0437186E+00
+228.4050E-03,+2.0467337E+00
+228.5200E-03,+2.0487437E+00
+228.6350E-03,+2.0402010E+00
+228.7500E-03,+2.0364322E+00
+228.8650E-03,+2.0361809E+00
+228.9800E-03,+2.0361809E+00
+229.0950E-03,+2.0386935E+00
+229.2100E-03,+2.0402010E+00
+229.3250E-03,+2.0346734E+00
+229.4400E-03,+2.0354271E+00
+229.5550E-03,+2.0334171E+00
+229.6700E-03,+2.0361809E+00
+229.7850E-03,+2.0334171E+00
+229.9000E-03,+2.0361809E+00
+230.0150E-03,+2.0427136E+00
+230.1300E-03,+2.0364322E+00
+230.2450E-03,+2.0266332E+00
+230.3600E-03,+2.0394472E+00
+230.4750E-03,+2.0286432E+00
+230.5900E-03,+2.0246231E+00
+230.7050E-03,+2.0266332E+00
+230.8200E-03,+2.0336683E+00
+230.9350E-03,+2.0321608E+00
+231.0500E-03,+2.0201005E+00
+231.1650E-03,+2.0241206E+00
+231.2800E-03,+2.0095477E+00
+231.3950E-03,+2.0160804E+00
+231.5100E-03,+2.0193467E+00
+231.6250E-03,+2.0160804E+00
+231.7400E-03,+2.0160804E+00
+231.8550E-03,+2.0113065E+00
+231.9700E-03,+2.0115578E+00
+232.0850E-03,+2.0133166E+00
+232.2000E-03,+2.0103015E+00
+232.3150E-03,+2.0160804E+00
+232.4300E-03,+2.0155779E+00
+232.5450E-03,+2.0145729E+00
+232.6600E-03,+2.0143216E+00
+232.7750E-03,+2.0120603E+00
+232.8900E-03,+2.0120603E+00
+233.0050E-03,+2.0120603E+00
+233.1200E-03,+2.0135678E+00
+233.2350E-03,+2.0125628E+00
+233.3500E-03,+2.0120603E+00
+233.4650E-03,+2.0160804E+00
+233.5800E-03,+2.0183417E+00
+233.6950E-03,+2.0173367E+00
+233.8100E-03,+2.0125628E+00
+233.9250E-03,+2.0201005E+00
+234.0400E-03,+2.0160804E+00
+234.1550E-03,+2.0201005E+00
+234.2700E-03,+2.0203518E+00
+234.3850E-03,+2.0213568E+00
+234.5000E-03,+2.0105528E+00
+234.6150E-03,+2.0213568E+00
+234.7300E-03,+2.0201005E+00
+234.8450E-03,+2.0160804E+00
+234.9600E-03,+2.0223618E+00
+235.0750E-03,+2.0201005E+00
+235.1900E-03,+2.0201005E+00
+235.3050E-03,+2.0213568E+00
+235.4200E-03,+2.0304020E+00
+235.5350E-03,+2.0314070E+00
+235.6500E-03,+2.0283920E+00
+235.7650E-03,+2.0361809E+00
+235.8800E-03,+2.0386935E+00
+235.9950E-03,+2.0454774E+00
+236.1100E-03,+2.0396985E+00
+236.2250E-03,+2.0334171E+00
+236.3400E-03,+2.0361809E+00
+236.4550E-03,+2.0281407E+00
+236.5700E-03,+2.0276382E+00
+236.6850E-03,+2.0293970E+00
+236.8000E-03,+2.0442211E+00
+236.9150E-03,+2.0610553E+00
+237.0300E-03,+2.0402010E+00
+237.1450E-03,+2.0414573E+00
+237.2600E-03,+2.0417085E+00
+237.3750E-03,+2.0293970E+00
+237.4900E-03,+2.0361809E+00
+237.6050E-03,+2.0439698E+00
+237.7200E-03,+2.0296482E+00
+237.8350E-03,+2.0321608E+00
+237.9500E-03,+2.0396985E+00
+238.0650E-03,+2.0334171E+00
+238.1800E-03,+2.0334171E+00
+238.2950E-03,+2.0394472E+00
+238.4100E-03,+2.0321608E+00
+238.5250E-03,+2.0226131E+00
+238.6400E-03,+2.0286432E+00
+238.7550E-03,+2.0334171E+00
+238.8700E-03,+2.0316583E+00
+238.9850E-03,+2.0306533E+00
+239.1000E-03,+2.0223618E+00
+239.2150E-03,+2.0266332E+00
+239.3300E-03,+2.0316583E+00
+239.4450E-03,+2.0201005E+00
+239.5600E-03,+2.0135678E+00
+239.6750E-03,+2.0173367E+00
+239.7900E-03,+2.0115578E+00
+239.9050E-03,+2.0145729E+00
+240.0200E-03,+2.0080402E+00
+240.1350E-03,+2.0080402E+00
+240.2500E-03,+2.0113065E+00
+240.3650E-03,+2.0052764E+00
+240.4800E-03,+2.0040201E+00
+240.5950E-03,+2.0040201E+00
+240.7100E-03,+2.0080402E+00
+240.8250E-03,+2.0065327E+00
+240.9400E-03,+2.0055276E+00
+241.0550E-03,+2.0113065E+00
+241.1700E-03,+2.0080402E+00
+241.2850E-03,+2.0092965E+00
+241.4000E-03,+2.0095477E+00
+241.5150E-03,+2.0120603E+00
+241.6300E-03,+2.0082915E+00
+241.7450E-03,+2.0080402E+00
+241.8600E-03,+2.0135678E+00
+241.9750E-03,+2.0173367E+00
+242.0900E-03,+2.0123116E+00
+242.2050E-03,+2.0133166E+00
+242.3200E-03,+2.0080402E+00
+242.4350E-03,+2.0160804E+00
+242.5500E-03,+2.0203518E+00
+242.6650E-03,+2.0185930E+00
+242.7800E-03,+2.0241206E+00
+242.8950E-03,+2.0160804E+00
+243.0100E-03,+2.0273869E+00
+243.1250E-03,+2.0105528E+00
+243.2400E-03,+2.0201005E+00
+243.3550E-03,+2.0193467E+00
+243.4700E-03,+2.0201005E+00
+243.5850E-03,+2.0213568E+00
+243.7000E-03,+2.0201005E+00
+243.8150E-03,+2.0241206E+00
+243.9300E-03,+2.0314070E+00
+244.0450E-03,+2.0281407E+00
+244.1600E-03,+2.0407035E+00
+244.2750E-03,+2.0301508E+00
+244.3900E-03,+2.0326633E+00
+244.5050E-03,+2.0334171E+00
+244.6200E-03,+2.0321608E+00
+244.7350E-03,+2.0334171E+00
+244.8500E-03,+2.0394472E+00
+244.9650E-03,+2.0374372E+00
+245.0800E-03,+2.0361809E+00
+245.1950E-03,+2.0407035E+00
+245.3100E-03,+2.0442211E+00
+245.4250E-03,+2.0331658E+00
+245.5400E-03,+2.0402010E+00
+245.6550E-03,+2.0419598E+00
+245.7700E-03,+2.0419598E+00
+245.8850E-03,+2.0346734E+00
+246.0000E-03,+2.0296482E+00
+246.1150E-03,+2.0190955E+00
+246.2300E-03,+2.0178392E+00
+246.3450E-03,+2.0454774E+00
+246.4600E-03,+2.0366834E+00
+246.5750E-03,+2.0321608E+00
+246.6900E-03,+2.0324121E+00
+246.8050E-03,+2.0346734E+00
+246.9200E-03,+2.0281407E+00
+247.0350E-03,+2.0286432E+00
+247.1500E-03,+2.0213568E+00
+247.2650E-03,+2.0241206E+00
+247.3800E-03,+2.0351759E+00
+247.4950E-03,+2.0281407E+00
+247.6100E-03,+2.0268844E+00
+247.7250E-03,+2.0201005E+00
+247.8400E-03,+2.0160804E+00
+247.9550E-03,+2.0173367E+00
+248.0700E-03,+2.0120603E+00
+248.1850E-03,+2.0105528E+00
+248.3000E-03,+2.0045226E+00
+248.4150E-03,+2.0072864E+00
+248.5300E-03,+2.0042714E+00
+248.6450E-03,+2.0092965E+00
+248.7600E-03,+2.0040201E+00
+248.8750E-03,+2.0040201E+00
+248.9900E-03,+2.0075377E+00
+249.1050E-03,+2.0065327E+00
+249.2200E-03,+2.0040201E+00
+249.3350E-03,+2.0080402E+00
+249.4500E-03,+2.0040201E+00
+249.5650E-03,+2.0065327E+00
+249.6800E-03,+2.0062814E+00
+249.7950E-03,+2.0040201E+00
+249.9100E-03,+2.0040201E+00
+250.0250E-03,+2.0012563E+00
+250.1400E-03,+2.0095477E+00
+250.2550E-03,+2.0072864E+00
+250.3700E-03,+2.0120603E+00
+250.4850E-03,+2.0145729E+00
+250.6000E-03,+2.0080402E+00
+250.7150E-03,+2.0153266E+00
+250.8300E-03,+2.0125628E+00
+250.9450E-03,+2.0160804E+00
+251.0600E-03,+2.0153266E+00
+251.1750E-03,+2.0226131E+00
+251.2900E-03,+2.0160804E+00
+251.4050E-03,+2.0160804E+00
+251.5200E-03,+2.0175879E+00
+251.6350E-03,+2.0185930E+00
+251.7500E-03,+2.0123116E+00
+251.8650E-03,+2.0145729E+00
+251.9800E-03,+2.0113065E+00
+252.0950E-03,+2.0165829E+00
+252.2100E-03,+2.0233668E+00
+252.3250E-03,+2.0266332E+00
+252.4400E-03,+2.0216080E+00
+252.5550E-03,+2.0394472E+00
+252.6700E-03,+2.0281407E+00
+252.7850E-03,+2.0346734E+00
+252.9000E-03,+2.0376884E+00
+253.0150E-03,+2.0273869E+00
+253.1300E-03,+2.0321608E+00
+253.2450E-03,+2.0374372E+00
+253.3600E-03,+2.0286432E+00
+253.4750E-03,+2.0394472E+00
+253.5900E-03,+2.0356784E+00
+253.7050E-03,+2.0334171E+00
+253.8200E-03,+2.0281407E+00
+253.9350E-03,+2.0391960E+00
+254.0500E-03,+2.0412060E+00
+254.1650E-03,+2.0414573E+00
+254.2800E-03,+2.0407035E+00
+254.3950E-03,+2.0281407E+00
+254.5100E-03,+2.0354271E+00
+254.6250E-03,+2.0374372E+00
+254.7400E-03,+2.0296482E+00
+254.8550E-03,+2.0346734E+00
+254.9700E-03,+2.0356784E+00
+255.0850E-03,+2.0346734E+00
+255.2000E-03,+2.0216080E+00
+255.3150E-03,+2.0241206E+00
+255.4300E-03,+2.0243719E+00
+255.5450E-03,+2.0266332E+00
+255.6600E-03,+2.0223618E+00
+255.7750E-03,+2.0306533E+00
+255.8900E-03,+2.0243719E+00
+256.0050E-03,+2.0241206E+00
+256.1200E-03,+2.0190955E+00
+256.2350E-03,+2.0120603E+00
+256.3500E-03,+2.0193467E+00
+256.4650E-03,+2.0105528E+00
+256.5800E-03,+2.0080402E+00
+256.6950E-03,+2.0080402E+00
+256.8100E-03,+2.0082915E+00
+256.9250E-03,+2.0080402E+00
+257.0400E-03,+2.0055276E+00
+257.1550E-03,+2.0040201E+00
+257.2700E-03,+2.0035176E+00
+257.3850E-03,+2.0065327E+00
+257.5000E-03,+2.0085427E+00
+257.6150E-03,+2.0072864E+00
+257.7300E-03,+2.0075377E+00
+257.8450E-03,+2.0065327E+00
+257.9600E-03,+2.0080402E+00
+258.0750E-03,+2.0085427E+00
+258.1900E-03,+2.0075377E+00
+258.3050E-03,+2.0080402E+00
+258.4200E-03,+2.0055276E+00
+258.5350E-03,+2.0040201E+00
+258.6500E-03,+2.0123116E+00
+258.7650E-03,+2.0160804E+00
+258.8800E-03,+2.0143216E+00
+258.9950E-03,+2.0145729E+00
+259.1100E-03,+2.0125628E+00
+259.2250E-03,+2.0188442E+00
+259.3400E-03,+2.0153266E+00
+259.4550E-03,+2.0185930E+00
+259.5700E-03,+2.0120603E+00
+259.6850E-03,+2.0080402E+00
+259.8000E-03,+2.0135678E+00
+259.9150E-03,+2.0085427E+00
+260.0300E-03,+2.0160804E+00
+260.1450E-03,+2.0173367E+00
+260.2600E-03,+2.0201005E+00
+260.3750E-03,+2.0165829E+00
+260.4900E-03,+2.0268844E+00
+260.6050E-03,+2.0241206E+00
+260.7200E-03,+2.0241206E+00
+260.8350E-03,+2.0165829E+00
+260.9500E-03,+2.0356784E+00
+261.0650E-03,+2.0361809E+00
+261.1800E-03,+2.0263819E+00
+261.2950E-03,+2.0314070E+00
+261.4100E-03,+2.0213568E+00
+261.5250E-03,+2.0241206E+00
+261.6400E-03,+2.0314070E+00
+261.7550E-03,+2.0434673E+00
+261.8700E-03,+2.0283920E+00
+261.9850E-03,+2.0253769E+00
+262.1000E-03,+2.0304020E+00
+262.2150E-03,+2.0281407E+00
+262.3300E-03,+2.0467337E+00
+262.4450E-03,+2.0346734E+00
+262.5600E-03,+2.0286432E+00
+262.6750E-03,+2.0213568E+00
+262.7900E-03,+2.0402010E+00
+262.9050E-03,+2.0293970E+00
+263.0200E-03,+2.0314070E+00
+263.1350E-03,+2.0286432E+00
+263.2500E-03,+2.0500000E+00
+263.3650E-03,+2.0334171E+00
+263.4800E-03,+2.0376884E+00
+263.5950E-03,+2.0213568E+00
+263.7100E-03,+2.0281407E+00
+263.8250E-03,+2.0346734E+00
+263.9400E-03,+2.0241206E+00
+264.0550E-03,+2.0241206E+00
+264.1700E-03,+2.0243719E+00
+264.2850E-03,+2.0281407E+00
+264.4000E-03,+2.0183417E+00
+264.5150E-03,+2.0178392E+00
+264.6300E-03,+2.0123116E+00
+264.7450E-03,+2.0092965E+00
+264.8600E-03,+2.0153266E+00
+264.9750E-03,+2.0040201E+00
+265.0900E-03,+2.0085427E+00
+265.2050E-03,+2.0052764E+00
+265.3200E-03,+2.0040201E+00
+265.4350E-03,+2.0005025E+00
+265.5500E-03,+2.0002513E+00
+265.6650E-03,+2.0025126E+00
+265.7800E-03,+2.0040201E+00
+265.8950E-03,+2.0040201E+00
+266.0100E-03,+2.0080402E+00
+266.1250E-03,+2.0080402E+00
+266.2400E-03,+2.0062814E+00
+266.3550E-03,+2.0080402E+00
+266.4700E-03,+2.0045226E+00
+266.5850E-03,+2.0080402E+00
+266.7000E-03,+2.0080402E+00
+266.8150E-03,+2.0080402E+00
+266.9300E-03,+2.0120603E+00
+267.0450E-03,+2.0133166E+00
+267.1600E-03,+2.0103015E+00
+267.2750E-03,+2.0085427E+00
+267.3900E-03,+2.0123116E+00
+267.5050E-03,+2.0120603E+00
+267.6200E-03,+2.0128141E+00
+267.7350E-03,+2.0153266E+00
+267.8500E-03,+2.0123116E+00
+267.9650E-03,+2.0120603E+00
+268.0800E-03,+2.0160804E+00
+268.1950E-03,+2.0120603E+00
+268.3100E-03,+2.0160804E+00
+268.4250E-03,+2.0133166E+00
+268.5400E-03,+2.0095477E+00
+268.6550E-03,+2.0153266E+00
+268.7700E-03,+2.0193467E+00
+268.8850E-03,+2.0211055E+00
+269.0000E-03,+2.0160804E+00
+269.1150E-03,+2.0273869E+00
+269.2300E-03,+2.0236181E+00
+269.3450E-03,+2.0346734E+00
+269.4600E-03,+2.0281407E+00
+269.5750E-03,+2.0273869E+00
+269.6900E-03,+2.0316583E+00
+269.8050E-03,+2.0241206E+00
+269.9200E-03,+2.0359296E+00
+270.0350E-03,+2.0321608E+00
+270.1500E-03,+2.0356784E+00
+270.2650E-03,+2.0334171E+00
+270.3800E-03,+2.0216080E+00
+270.4950E-03,+2.0218593E+00
+270.6100E-03,+2.0331658E+00
+270.7250E-03,+2.0346734E+00
+270.8400E-03,+2.0321608E+00
+270.9550E-03,+2.0326633E+00
+271.0700E-03,+2.0321608E+00
+271.1850E-03,+2.0241206E+00
+271.3000E-03,+2.0351759E+00
+271.4150E-03,+2.0286432E+00
+271.5300E-03,+2.0361809E+00
+271.6450E-03,+2.0253769E+00
+271.7600E-03,+2.0168342E+00
+271.8750E-03,+2.0253769E+00
+271.9900E-03,+2.0241206E+00
+272.1050E-03,+2.0241206E+00
+272.2200E-03,+2.0256281E+00
+272.3350E-03,+2.0273869E+00
+272.4500E-03,+2.0203518E+00
+272.5650E-03,+2.0201005E+00
+272.6800E-03,+2.0216080E+00
+272.7950E-03,+2.0120603E+00
+272.9100E-03,+2.0233668E+00
+273.0250E-03,+2.0120603E+00
+273.1400E-03,+2.0165829E+00
+273.2550E-03,+2.0085427E+00
+273.3700E-03,+2.0120603E+00
+273.4850E-03,+2.0052764E+00
+273.6000E-03,+2.0072864E+00
+273.7150E-03,+2.0072864E+00
+273.8300E-03,+2.0000000E+00
+273.9450E-03,+2.0065327E+00
+274.0600E-03,+2.0040201E+00
+274.1750E-03,+2.0072864E+00
+274.2900E-03,+2.0080402E+00
+274.4050E-03,+2.0080402E+00
+274.5200E-03,+2.0080402E+00
+274.6350E-03,+2.0113065E+00
+274.7500E-03,+2.0040201E+00
+274.8650E-03,+2.0000000E+00
+274.9800E-03,+2.0055276E+00
+275.0950E-03,+2.0072864E+00
+275.2100E-03,+2.0075377E+00
+275.3250E-03,+2.0133166E+00
+275.4400E-03,+2.0125628E+00
+275.5550E-03,+2.0080402E+00
+275.6700E-03,+2.0120603E+00
+275.7850E-03,+2.0173367E+00
+275.9000E-03,+2.0120603E+00
+276.0150E-03,+2.0226131E+00
+276.1300E-03,+2.0123116E+00
+276.2450E-03,+2.0105528E+00
+276.3600E-03,+2.0160804E+00
+276.4750E-03,+2.0160804E+00
+276.5900E-03,+2.0125628E+00
+276.7050E-03,+2.0092965E+00
+276.8200E-03,+2.0165829E+00
+276.9350E-03,+2.0092965E+00
+277.0500E-03,+2.0160804E+00
+277.1650E-03,+2.0145729E+00
+277.2800E-03,+2.0201005E+00
+277.3950E-03,+2.0233668E+00
+277.5100E-03,+2.0233668E+00
+277.6250E-03,+2.0213568E+00
+277.7400E-03,+2.0296482E+00
+277.8550E-03,+2.0321608E+00
+277.9700E-03,+2.0241206E+00
+278.0850E-03,+2.0371859E+00
+278.2000E-03,+2.0354271E+00
+278.3150E-03,+2.0293970E+00
+278.4300E-03,+2.0321608E+00
+278.5450E-03,+2.0386935E+00
+278.6600E-03,+2.0326633E+00
+278.7750E-03,+2.0489950E+00
+278.8900E-03,+2.0364322E+00
+279.0050E-03,+2.0306533E+00
+279.1200E-03,+2.0256281E+00
+279.2350E-03,+2.0281407E+00
+279.3500E-03,+2.0281407E+00
+279.4650E-03,+2.0374372E+00
+279.5800E-03,+2.0273869E+00
+279.6950E-03,+2.0281407E+00
+279.8100E-03,+2.0314070E+00
+279.9250E-03,+2.0228643E+00
+280.0400E-03,+2.0263819E+00
+280.1550E-03,+2.0241206E+00
+280.2700E-03,+2.0236181E+00
+280.3850E-03,+2.0291457E+00
