x-axis,1,2
second,Volt,Volt
+475.000E-03,,
+476.350E-03,,
+477.700E-03,+70.151E-03,+100.477E-03
+479.050E-03,+92.261E-03,+126.859E-03
+480.400E-03,+87.990E-03,+124.347E-03
+481.750E-03,+74.171E-03,+96.709E-03
+483.100E-03,+80.452E-03,+87.412E-03
+484.450E-03,+52.060E-03,+39.925E-03
+485.800E-03,+78.442E-03,+47.211E-03
+487.150E-03,+84.221E-03,+46.457E-03
+488.500E-03,+77.186E-03,+47.211E-03
+489.850E-03,+74.925E-03,+54.497E-03
+491.200E-03,+92.764E-03,+76.106E-03
+492.550E-03,+64.874E-03,+76.106E-03
+493.900E-03,+81.206E-03,+107.513E-03
+495.250E-03,+95.025E-03,+126.859E-03
+496.600E-03,+96.784E-03,+126.608E-03
+497.950E-03,+76.935E-03,+99.472E-03
+499.300E-03,+69.397E-03,+80.126E-03
+500.650E-03,+57.337E-03,+46.457E-03
+502.000E-03,+61.357E-03,+31.884E-03
+503.350E-03,+93.015E-03,+59.271E-03
+504.700E-03,+75.427E-03,+45.452E-03
+506.050E-03,+80.452E-03,+56.005E-03
+507.400E-03,+81.457E-03,+77.613E-03
+508.750E-03,+75.678E-03,+87.412E-03
+510.100E-03,+73.166E-03,+95.452E-03
+511.450E-03,+89.497E-03,+122.839E-03
+512.800E-03,+95.276E-03,+125.854E-03
+514.150E-03,+96.533E-03,+119.573E-03
+515.500E-03,+90.000E-03,+104.246E-03
+516.850E-03,+81.457E-03,+77.362E-03
+518.200E-03,+63.869E-03,+42.940E-03
+519.550E-03,+81.457E-03,+48.467E-03
+520.900E-03,+81.457E-03,+43.442E-03
+522.250E-03,+71.910E-03,+44.950E-03
+523.600E-03,+81.457E-03,+67.060E-03
+524.950E-03,+77.437E-03,+80.628E-03
+526.300E-03,+61.859E-03,+80.377E-03
+527.650E-03,+93.518E-03,+121.332E-03
+529.000E-03,+95.276E-03,+129.874E-03
+530.350E-03,+96.533E-03,+127.111E-03
+531.700E-03,+89.497E-03,+108.518E-03
+533.050E-03,+84.221E-03,+88.166E-03
+534.400E-03,+59.849E-03,+44.698E-03
+535.750E-03,+80.955E-03,+47.211E-03
+537.100E-03,+74.673E-03,+40.678E-03
+538.450E-03,+84.221E-03,+50.477E-03
+539.800E-03,+59.095E-03,+41.432E-03
+541.150E-03,+57.337E-03,+48.467E-03
+542.500E-03,+68.643E-03,+75.101E-03
+543.850E-03,+72.161E-03,+97.211E-03
+545.200E-03,+79.950E-03,+114.548E-03
+546.550E-03,+73.417E-03,+108.266E-03
+547.900E-03,+77.940E-03,+105.000E-03
+549.250E-03,+84.472E-03,+97.714E-03
+550.600E-03,+69.397E-03,+64.045E-03
+551.950E-03,+74.673E-03,+48.970E-03
+553.300E-03,+55.075E-03,+36.910E-03
+554.650E-03,+81.709E-03,+49.221E-03
+556.000E-03,+88.744E-03,+63.040E-03
+557.350E-03,+85.477E-03,+76.106E-03
+558.700E-03,+85.477E-03,+95.201E-03
+560.050E-03,+77.437E-03,+95.955E-03
+561.400E-03,+85.477E-03,+114.548E-03
+562.750E-03,+94.271E-03,+124.347E-03
+564.100E-03,+85.980E-03,+112.538E-03
+565.450E-03,+86.734E-03,+98.719E-03
+566.800E-03,+80.704E-03,+79.121E-03
+568.150E-03,+56.583E-03,+38.166E-03
+569.500E-03,+78.442E-03,+48.216E-03
+570.850E-03,+85.980E-03,+45.201E-03
+572.200E-03,+92.764E-03,+63.040E-03
+573.550E-03,+75.678E-03,+58.769E-03
+574.900E-03,+84.724E-03,+87.161E-03
+576.250E-03,+69.397E-03,+84.146E-03
+577.600E-03,+83.970E-03,+112.286E-03
+578.950E-03,+96.533E-03,+127.111E-03
+580.300E-03,+97.286E-03,+127.362E-03
+581.650E-03,+77.437E-03,+96.206E-03
+583.000E-03,+69.397E-03,+70.327E-03
+584.350E-03,+62.613E-03,+44.447E-03
+585.700E-03,+61.357E-03,+31.884E-03
+587.050E-03,+116.382E-03,+81.131E-03
+588.400E-03,+67.136E-03,+38.920E-03
+589.750E-03,+76.935E-03,+60.025E-03
+591.100E-03,+84.724E-03,+80.126E-03
+592.450E-03,+64.372E-03,+76.106E-03
+593.800E-03,+83.970E-03,+108.266E-03
+595.150E-03,+93.518E-03,+128.367E-03
+596.500E-03,+93.266E-03,+120.578E-03
+597.850E-03,+94.774E-03,+116.307E-03
+599.200E-03,+86.482E-03,+92.940E-03
+600.550E-03,+79.698E-03,+70.075E-03
+601.900E-03,+74.673E-03,+48.970E-03
+603.250E-03,+84.221E-03,+50.477E-03
+604.600E-03,+76.683E-03,+45.452E-03
+605.950E-03,+81.457E-03,+56.508E-03
+607.300E-03,+81.960E-03,+72.085E-03
+608.650E-03,+74.925E-03,+84.146E-03
+610.000E-03,+79.950E-03,+102.487E-03
+611.350E-03,+93.015E-03,+123.593E-03
+612.700E-03,+97.286E-03,+131.884E-03
+614.050E-03,+93.518E-03,+124.347E-03
+615.400E-03,+87.990E-03,+102.487E-03
+616.750E-03,+87.236E-03,+83.392E-03
+618.100E-03,+69.146E-03,+47.462E-03
+619.450E-03,+92.010E-03,+55.754E-03
+620.800E-03,+79.196E-03,+43.945E-03
+622.150E-03,+93.015E-03,+63.291E-03
+623.500E-03,+54.573E-03,+40.678E-03
+624.850E-03,+64.121E-03,+65.050E-03
+626.200E-03,+77.437E-03,+88.166E-03
+627.550E-03,+86.231E-03,+112.789E-03
+628.900E-03,+89.497E-03,+124.347E-03
+630.250E-03,+84.221E-03,+116.307E-03
+631.600E-03,+87.236E-03,+108.266E-03
+632.950E-03,+85.477E-03,+91.432E-03
+634.300E-03,+62.362E-03,+52.739E-03
+635.650E-03,+82.965E-03,+54.749E-03
+637.000E-03,+89.497E-03,+54.246E-03
+638.350E-03,+84.975E-03,+51.985E-03
+639.700E-03,+85.477E-03,+64.296E-03
+641.050E-03,+84.472E-03,+84.146E-03
+642.400E-03,+85.477E-03,+95.955E-03
+643.750E-03,+93.518E-03,+116.809E-03
+645.100E-03,+98.040E-03,+132.387E-03
+646.450E-03,+99.045E-03,+133.643E-03
+647.800E-03,+100.804E-03,+123.342E-03
+649.150E-03,+94.271E-03,+101.231E-03
+650.500E-03,+81.457E-03,+76.357E-03
+651.850E-03,+88.241E-03,+61.281E-03
+653.200E-03,+86.482E-03,+52.739E-03
+654.550E-03,+82.714E-03,+48.970E-03
+655.900E-03,+92.764E-03,+67.060E-03
+657.250E-03,+87.990E-03,+79.874E-03
+658.600E-03,+91.256E-03,+100.226E-03
+659.950E-03,+82.211E-03,+105.251E-03
+661.300E-03,+97.286E-03,+128.367E-03
+662.650E-03,+104.322E-03,+136.407E-03
+664.000E-03,+89.497E-03,+118.568E-03
+665.350E-03,+85.477E-03,+96.206E-03
+666.700E-03,+77.437E-03,+68.819E-03
+668.050E-03,+69.397E-03,+51.985E-03
+669.400E-03,+75.930E-03,+40.678E-03
+670.750E-03,+118.894E-03,+82.387E-03
+672.100E-03,+93.518E-03,+64.799E-03
+673.450E-03,+80.201E-03,+68.065E-03
+674.800E-03,+87.236E-03,+91.181E-03
+676.150E-03,+69.397E-03,+84.648E-03
+677.500E-03,+97.286E-03,+123.342E-03
+678.850E-03,+101.809E-03,+132.387E-03
+680.200E-03,+100.804E-03,+127.362E-03
+681.550E-03,+98.794E-03,+116.809E-03
+682.900E-03,+89.497E-03,+92.437E-03
+684.250E-03,+68.392E-03,+57.261E-03
+685.600E-03,+85.477E-03,+56.005E-03
+686.950E-03,+69.146E-03,+48.467E-03
+688.300E-03,+82.714E-03,+52.739E-03
+689.650E-03,+86.985E-03,+64.045E-03
+691.000E-03,+84.724E-03,+76.859E-03
+692.350E-03,+80.452E-03,+92.186E-03
+693.700E-03,+90.000E-03,+111.784E-03
+695.050E-03,+98.794E-03,+129.372E-03
+696.400E-03,+102.563E-03,+140.427E-03
+697.750E-03,+89.497E-03,+115.553E-03
+699.100E-03,+81.960E-03,+88.166E-03
+700.450E-03,+72.161E-03,+61.281E-03
+701.800E-03,+71.156E-03,+43.945E-03
+703.150E-03,+93.518E-03,+52.487E-03
+704.500E-03,+86.734E-03,+49.724E-03
+705.850E-03,+84.472E-03,+57.261E-03
+707.200E-03,+75.176E-03,+76.106E-03
+708.550E-03,+82.211E-03,+92.688E-03
+709.900E-03,+80.452E-03,+106.508E-03
+711.250E-03,+93.518E-03,+125.352E-03
+712.600E-03,+100.804E-03,+132.387E-03
+713.950E-03,+101.055E-03,+130.377E-03
+715.300E-03,+98.543E-03,+112.538E-03
+716.650E-03,+91.005E-03,+86.910E-03
+718.000E-03,+75.176E-03,+50.226E-03
+719.350E-03,+82.211E-03,+51.985E-03
+720.700E-03,+91.256E-03,+51.482E-03
+722.050E-03,+95.276E-03,+65.553E-03
+723.400E-03,+88.744E-03,+72.839E-03
+724.750E-03,+93.015E-03,+92.186E-03
+726.100E-03,+72.663E-03,+91.181E-03
+727.450E-03,+92.261E-03,+118.819E-03
+728.800E-03,+100.050E-03,+137.161E-03
+730.150E-03,+97.538E-03,+131.131E-03
+731.500E-03,+86.482E-03,+105.000E-03
+732.850E-03,+82.965E-03,+82.638E-03
+734.200E-03,+75.176E-03,+56.005E-03
+735.550E-03,+76.935E-03,+43.191E-03
+736.900E-03,+112.613E-03,+71.080E-03
+738.250E-03,+73.417E-03,+46.457E-03
+739.600E-03,+78.442E-03,+62.286E-03
+740.950E-03,+85.477E-03,+85.151E-03
+742.300E-03,+85.980E-03,+96.206E-03
+743.650E-03,+88.241E-03,+110.779E-03
+745.000E-03,+96.030E-03,+128.367E-03
+746.350E-03,+95.779E-03,+128.367E-03
+747.700E-03,+105.578E-03,+128.618E-03
+749.050E-03,+95.025E-03,+107.010E-03
+750.400E-03,+87.990E-03,+80.879E-03
+751.750E-03,+86.734E-03,+60.528E-03
+753.100E-03,+92.764E-03,+55.000E-03
+754.450E-03,+91.005E-03,+56.005E-03
+755.800E-03,+99.296E-03,+66.307E-03
+757.150E-03,+67.136E-03,+64.296E-03
+758.500E-03,+81.960E-03,+88.166E-03
+759.850E-03,+78.693E-03,+99.975E-03
+761.200E-03,+97.538E-03,+125.854E-03
+762.550E-03,+100.804E-03,+136.910E-03
+763.900E-03,+97.538E-03,+128.618E-03
+765.250E-03,+85.477E-03,+100.226E-03
+766.600E-03,+77.437E-03,+68.819E-03
+767.950E-03,+73.417E-03,+51.985E-03
+769.300E-03,+77.186E-03,+43.442E-03
+770.650E-03,+86.985E-03,+51.985E-03
+772.000E-03,+88.744E-03,+55.000E-03
+773.350E-03,+58.342E-03,+61.784E-03
+774.700E-03,+89.246E-03,+98.970E-03
+776.050E-03,+68.141E-03,+86.658E-03
+777.400E-03,+91.256E-03,+119.322E-03
+778.750E-03,+98.291E-03,+132.889E-03
+780.100E-03,+102.563E-03,+136.658E-03
+781.450E-03,+93.769E-03,+119.070E-03
+782.800E-03,+92.010E-03,+96.960E-03
+784.150E-03,+79.698E-03,+62.035E-03
+785.500E-03,+81.960E-03,+56.005E-03
+786.850E-03,+92.010E-03,+57.010E-03
+788.200E-03,+88.744E-03,+53.492E-03
+789.550E-03,+72.915E-03,+51.231E-03
+790.900E-03,+65.126E-03,+55.000E-03
+792.250E-03,+69.397E-03,+77.111E-03
+793.600E-03,+79.196E-03,+99.221E-03
+794.950E-03,+88.995E-03,+120.327E-03
+796.300E-03,+93.518E-03,+135.905E-03
+797.650E-03,+93.518E-03,+126.859E-03
+799.000E-03,+91.256E-03,+105.754E-03
+800.350E-03,+82.211E-03,+80.126E-03
+801.700E-03,+76.432E-03,+58.769E-03
+803.050E-03,+84.472E-03,+50.729E-03
+804.400E-03,+97.538E-03,+55.000E-03
+805.750E-03,+90.251E-03,+57.010E-03
+807.100E-03,+92.764E-03,+78.869E-03
+808.450E-03,+82.965E-03,+85.402E-03
+809.800E-03,+80.704E-03,+96.960E-03
+811.150E-03,+90.754E-03,+120.829E-03
+812.500E-03,+101.558E-03,+135.905E-03
+813.850E-03,+103.065E-03,+131.131E-03
+815.200E-03,+91.256E-03,+109.774E-03
+816.550E-03,+91.508E-03,+91.432E-03
+817.900E-03,+61.859E-03,+44.698E-03
+819.250E-03,+81.457E-03,+51.985E-03
+820.600E-03,+90.503E-03,+52.739E-03
+821.950E-03,+90.754E-03,+61.784E-03
+823.300E-03,+72.663E-03,+50.980E-03
+824.650E-03,+65.377E-03,+56.005E-03
+826.000E-03,+73.417E-03,+80.879E-03
+827.350E-03,+84.975E-03,+107.513E-03
+828.700E-03,+89.246E-03,+123.844E-03
+830.050E-03,+96.281E-03,+128.367E-03
+831.400E-03,+92.010E-03,+122.588E-03
+832.750E-03,+77.437E-03,+91.432E-03
+834.100E-03,+70.653E-03,+65.553E-03
+835.450E-03,+78.945E-03,+50.729E-03
+836.800E-03,+90.503E-03,+52.739E-03
+838.150E-03,+94.271E-03,+60.025E-03
+839.500E-03,+90.000E-03,+64.296E-03
+840.850E-03,+91.005E-03,+77.362E-03
+842.200E-03,+87.990E-03,+94.447E-03
+843.550E-03,+86.231E-03,+104.749E-03
+844.900E-03,+97.286E-03,+127.362E-03
+846.250E-03,+96.533E-03,+131.131E-03
+847.600E-03,+95.276E-03,+121.834E-03
+848.950E-03,+96.533E-03,+110.276E-03
+850.300E-03,+81.206E-03,+76.106E-03
+851.650E-03,+79.950E-03,+57.010E-03
+853.000E-03,+85.477E-03,+51.985E-03
+854.350E-03,+85.477E-03,+51.985E-03
+855.700E-03,+82.714E-03,+52.990E-03
+857.050E-03,+57.337E-03,+39.925E-03
+858.400E-03,+65.377E-03,+64.045E-03
+859.750E-03,+77.437E-03,+92.186E-03
+861.100E-03,+78.442E-03,+108.518E-03
+862.450E-03,+95.025E-03,+129.623E-03
+863.800E-03,+92.010E-03,+126.608E-03
+865.150E-03,+87.739E-03,+114.296E-03
+866.500E-03,+84.472E-03,+95.201E-03
+867.850E-03,+62.864E-03,+49.221E-03
+869.200E-03,+87.990E-03,+56.005E-03
+870.550E-03,+81.457E-03,+44.447E-03
+871.900E-03,+93.266E-03,+59.523E-03
+873.250E-03,+94.774E-03,+70.578E-03
+874.600E-03,+93.518E-03,+88.166E-03
+875.950E-03,+72.915E-03,+83.392E-03
+877.300E-03,+89.497E-03,+112.538E-03
+878.650E-03,+99.045E-03,+133.643E-03
+880.000E-03,+90.503E-03,+121.080E-03
+881.350E-03,+85.477E-03,+107.513E-03
+882.700E-03,+77.940E-03,+84.899E-03
+884.050E-03,+69.397E-03,+53.241E-03
+885.400E-03,+71.156E-03,+39.925E-03
+886.750E-03,+98.291E-03,+60.528E-03
+888.100E-03,+93.266E-03,+58.769E-03
+889.450E-03,+84.472E-03,+65.302E-03
+890.800E-03,+79.950E-03,+76.106E-03
+892.150E-03,+80.955E-03,+92.688E-03
+893.500E-03,+77.940E-03,+103.744E-03
+894.850E-03,+97.538E-03,+126.859E-03
+896.200E-03,+96.030E-03,+128.367E-03
+897.550E-03,+97.538E-03,+124.347E-03
+898.900E-03,+92.764E-03,+107.764E-03
+900.250E-03,+86.985E-03,+85.402E-03
+901.600E-03,+68.643E-03,+46.960E-03
+902.950E-03,+86.231E-03,+51.985E-03
+904.300E-03,+85.477E-03,+48.216E-03
+905.650E-03,+67.136E-03,+49.472E-03
+907.000E-03,+75.930E-03,+65.553E-03
+908.350E-03,+84.975E-03,+88.166E-03
+909.700E-03,+69.899E-03,+84.397E-03
+911.050E-03,+89.497E-03,+116.307E-03
+912.400E-03,+100.050E-03,+134.648E-03
+913.750E-03,+94.271E-03,+124.849E-03
+915.100E-03,+85.980E-03,+104.497E-03
+916.450E-03,+72.412E-03,+73.342E-03
+917.800E-03,+71.910E-03,+52.739E-03
+919.150E-03,+76.935E-03,+39.925E-03
+920.500E-03,+89.497E-03,+55.503E-03
+921.850E-03,+88.241E-03,+58.518E-03
+923.200E-03,+81.457E-03,+67.060E-03
+924.550E-03,+84.472E-03,+84.146E-03
+925.900E-03,+70.402E-03,+84.899E-03
+927.250E-03,+88.241E-03,+114.799E-03
+928.600E-03,+103.317E-03,+135.402E-03
+929.950E-03,+93.518E-03,+127.111E-03
+931.300E-03,+100.804E-03,+123.342E-03
+932.650E-03,+88.241E-03,+96.206E-03
+934.000E-03,+77.437E-03,+63.794E-03
+935.350E-03,+83.719E-03,+58.015E-03
+936.700E-03,+82.462E-03,+44.698E-03
+938.050E-03,+84.221E-03,+51.985E-03
+939.400E-03,+84.724E-03,+57.513E-03
+940.750E-03,+89.497E-03,+76.608E-03
+942.100E-03,+81.457E-03,+92.186E-03
+943.450E-03,+88.241E-03,+106.759E-03
+944.800E-03,+88.744E-03,+120.327E-03
+946.150E-03,+94.774E-03,+132.889E-03
+947.500E-03,+97.538E-03,+120.578E-03
+948.850E-03,+77.437E-03,+86.910E-03
+950.200E-03,+72.663E-03,+64.045E-03
+951.550E-03,+72.915E-03,+47.211E-03
+952.900E-03,+77.940E-03,+44.196E-03
+954.250E-03,+125.678E-03,+90.427E-03
+955.600E-03,+79.196E-03,+55.000E-03
+956.950E-03,+72.663E-03,+60.276E-03
+958.300E-03,+85.226E-03,+84.146E-03
+959.650E-03,+70.653E-03,+89.171E-03
+961.000E-03,+90.503E-03,+119.322E-03
+962.350E-03,+105.578E-03,+136.910E-03
+963.700E-03,+104.573E-03,+127.864E-03
+965.050E-03,+100.050E-03,+120.075E-03
+966.400E-03,+92.010E-03,+92.940E-03
+967.750E-03,+69.397E-03,+55.251E-03
+969.100E-03,+85.980E-03,+52.990E-03
+970.450E-03,+85.477E-03,+50.477E-03
+971.800E-03,+96.030E-03,+61.533E-03
+973.150E-03,+81.457E-03,+64.045E-03
+974.500E-03,+82.462E-03,+80.879E-03
+975.850E-03,+73.668E-03,+86.910E-03
+977.200E-03,+87.236E-03,+113.794E-03
+978.550E-03,+87.487E-03,+125.352E-03
+979.900E-03,+101.558E-03,+132.387E-03
+981.250E-03,+99.045E-03,+123.090E-03
+982.600E-03,+92.010E-03,+102.487E-03
+983.950E-03,+91.759E-03,+82.136E-03
+985.300E-03,+88.744E-03,+59.020E-03
+986.650E-03,+88.241E-03,+52.990E-03
+988.000E-03,+83.970E-03,+52.739E-03
+989.350E-03,+79.698E-03,+54.749E-03
+990.700E-03,+56.583E-03,+46.960E-03
+992.050E-03,+68.141E-03,+68.065E-03
+993.400E-03,+75.176E-03,+92.186E-03
+994.750E-03,+85.477E-03,+116.307E-03
+996.100E-03,+81.457E-03,+115.804E-03
+997.450E-03,+92.261E-03,+125.352E-03
+998.800E-03,+87.236E-03,+105.754E-03
+1.000150E+00,+76.935E-03,+82.889E-03
+1.001500E+00,+72.663E-03,+55.503E-03
+1.002850E+00,+84.221E-03,+54.497E-03
+1.004200E+00,+86.482E-03,+50.980E-03
+1.005550E+00,+65.126E-03,+49.724E-03
+1.006900E+00,+96.533E-03,+78.869E-03
+1.008250E+00,+93.518E-03,+94.698E-03
+1.009600E+00,+75.176E-03,+91.181E-03
+1.010950E+00,+92.513E-03,+123.593E-03
+1.012300E+00,+101.558E-03,+136.407E-03
+1.013650E+00,+95.025E-03,+124.347E-03
+1.015000E+00,+96.784E-03,+119.322E-03
+1.016350E+00,+88.995E-03,+94.950E-03
+1.017700E+00,+62.613E-03,+48.970E-03
+1.019050E+00,+81.457E-03,+51.985E-03
+1.020400E+00,+94.523E-03,+59.020E-03
+1.021750E+00,+95.528E-03,+61.784E-03
+1.023100E+00,+88.744E-03,+67.060E-03
+1.024450E+00,+84.472E-03,+81.382E-03
+1.025800E+00,+77.437E-03,+89.673E-03
+1.027150E+00,+89.497E-03,+113.291E-03
+1.028500E+00,+88.744E-03,+127.362E-03
+1.029850E+00,+99.045E-03,+131.131E-03
+1.031200E+00,+87.236E-03,+112.286E-03
+1.032550E+00,+77.437E-03,+83.392E-03
+1.033900E+00,+73.417E-03,+60.276E-03
+1.035250E+00,+69.397E-03,+47.965E-03
+1.036600E+00,+93.518E-03,+55.000E-03
+1.037950E+00,+97.035E-03,+60.025E-03
+1.039300E+00,+85.980E-03,+60.276E-03
+1.040650E+00,+81.457E-03,+78.367E-03
+1.042000E+00,+86.482E-03,+95.201E-03
+1.043350E+00,+82.211E-03,+104.749E-03
+1.044700E+00,+96.784E-03,+127.362E-03
+1.046050E+00,+92.261E-03,+126.859E-03
+1.047400E+00,+95.276E-03,+121.834E-03
+1.048750E+00,+97.035E-03,+111.030E-03
+1.050100E+00,+86.482E-03,+80.879E-03
+1.051450E+00,+68.141E-03,+43.945E-03
+1.052800E+00,+87.236E-03,+53.492E-03
+1.054150E+00,+89.497E-03,+52.487E-03
+1.055500E+00,+81.457E-03,+56.256E-03
+1.056850E+00,+91.256E-03,+69.070E-03
+1.058200E+00,+80.704E-03,+81.633E-03
+1.059550E+00,+65.377E-03,+87.412E-03
+1.060900E+00,+85.477E-03,+116.307E-03
+1.062250E+00,+98.794E-03,+130.879E-03
+1.063600E+00,+87.236E-03,+116.307E-03
+1.064950E+00,+78.693E-03,+96.206E-03
+1.066300E+00,+69.397E-03,+72.085E-03
+1.067650E+00,+66.884E-03,+46.709E-03
+1.069000E+00,+67.136E-03,+37.412E-03
+1.070350E+00,+98.794E-03,+61.784E-03
+1.071700E+00,+85.226E-03,+59.020E-03
+1.073050E+00,+64.623E-03,+57.513E-03
+1.074400E+00,+78.442E-03,+80.126E-03
+1.075750E+00,+68.392E-03,+86.910E-03
+1.077100E+00,+85.226E-03,+107.764E-03
+1.078450E+00,+92.261E-03,+125.352E-03
+1.079800E+00,+97.538E-03,+128.367E-03
+1.081150E+00,+101.055E-03,+116.809E-03
+1.082500E+00,+90.754E-03,+97.211E-03
+1.083850E+00,+88.241E-03,+76.106E-03
+1.085200E+00,+80.704E-03,+55.000E-03
+1.086550E+00,+88.995E-03,+54.749E-03
+1.087900E+00,+85.477E-03,+48.216E-03
+1.089250E+00,+94.020E-03,+68.065E-03
+1.090600E+00,+81.457E-03,+73.593E-03
+1.091950E+00,+82.714E-03,+89.925E-03
+1.093300E+00,+76.432E-03,+102.236E-03
+1.094650E+00,+83.970E-03,+120.075E-03
+1.096000E+00,+96.030E-03,+129.874E-03
+1.097350E+00,+92.513E-03,+119.070E-03
+1.098700E+00,+77.940E-03,+88.920E-03
+1.100050E+00,+70.905E-03,+66.809E-03
+1.101400E+00,+67.889E-03,+43.945E-03
+1.102750E+00,+74.673E-03,+40.427E-03
+1.104100E+00,+75.427E-03,+44.950E-03
+1.105450E+00,+82.714E-03,+57.010E-03
+1.106800E+00,+79.196E-03,+68.065E-03
+1.108150E+00,+80.955E-03,+88.166E-03
+1.109500E+00,+61.357E-03,+80.126E-03
+1.110850E+00,+82.965E-03,+112.286E-03
+1.112200E+00,+93.518E-03,+126.608E-03
+1.113550E+00,+90.754E-03,+124.347E-03
+1.114900E+00,+93.518E-03,+115.804E-03
+1.116250E+00,+93.518E-03,+93.442E-03
+1.117600E+00,+64.623E-03,+49.472E-03
+1.118950E+00,+77.437E-03,+47.965E-03
+1.120300E+00,+89.246E-03,+51.985E-03
+1.121650E+00,+94.774E-03,+53.241E-03
+1.123000E+00,+83.216E-03,+60.779E-03
+1.124350E+00,+89.497E-03,+81.131E-03
+1.125700E+00,+77.437E-03,+91.683E-03
+1.127050E+00,+77.437E-03,+102.739E-03
+1.128400E+00,+93.518E-03,+122.588E-03
+1.129750E+00,+94.271E-03,+127.613E-03
+1.131100E+00,+90.000E-03,+116.307E-03
+1.132450E+00,+77.437E-03,+86.910E-03
+1.133800E+00,+69.397E-03,+58.266E-03
+1.135150E+00,+62.111E-03,+38.668E-03
+1.136500E+00,+86.482E-03,+52.236E-03
+1.137850E+00,+85.477E-03,+51.734E-03
+1.139200E+00,+62.111E-03,+50.980E-03
+1.140550E+00,+70.653E-03,+65.804E-03
+1.141900E+00,+73.417E-03,+83.643E-03
+1.143250E+00,+70.653E-03,+94.447E-03
+1.144600E+00,+91.256E-03,+123.342E-03
+1.145950E+00,+94.271E-03,+131.633E-03
+1.147300E+00,+99.799E-03,+130.628E-03
+1.148650E+00,+83.216E-03,+100.226E-03
+1.150000E+00,+85.477E-03,+84.899E-03
+1.151350E+00,+66.131E-03,+44.447E-03
+1.152700E+00,+85.477E-03,+55.503E-03
+1.154050E+00,+84.221E-03,+47.965E-03
+1.155400E+00,+85.477E-03,+60.025E-03
+1.156750E+00,+86.482E-03,+69.573E-03
+1.158100E+00,+92.010E-03,+83.643E-03
+1.159450E+00,+61.357E-03,+78.618E-03
+1.160800E+00,+92.764E-03,+118.568E-03
+1.162150E+00,+93.518E-03,+128.367E-03
+1.163500E+00,+93.518E-03,+124.347E-03
+1.164850E+00,+81.457E-03,+102.990E-03
+1.166200E+00,+73.417E-03,+74.347E-03
+1.167550E+00,+68.894E-03,+50.729E-03
+1.168900E+00,+65.377E-03,+36.156E-03
+1.170250E+00,+110.854E-03,+74.347E-03
+1.171600E+00,+88.744E-03,+57.513E-03
+1.172950E+00,+73.417E-03,+56.508E-03
+1.174300E+00,+81.457E-03,+79.121E-03
+1.175650E+00,+78.945E-03,+93.442E-03
+1.177000E+00,+81.457E-03,+104.246E-03
+1.178350E+00,+90.251E-03,+124.849E-03
+1.179700E+00,+100.050E-03,+131.131E-03
+1.181050E+00,+104.322E-03,+126.859E-03
+1.182400E+00,+93.518E-03,+102.487E-03
+1.183750E+00,+86.231E-03,+76.106E-03
+1.185100E+00,+80.704E-03,+55.503E-03
+1.186450E+00,+75.930E-03,+46.457E-03
+1.187800E+00,+86.482E-03,+50.226E-03
+1.189150E+00,+89.497E-03,+64.045E-03
+1.190500E+00,+83.970E-03,+70.327E-03
+1.191850E+00,+82.965E-03,+90.678E-03
+1.193200E+00,+76.683E-03,+97.714E-03
+1.194550E+00,+94.271E-03,+124.849E-03
+1.195900E+00,+97.538E-03,+128.618E-03
+1.197250E+00,+98.794E-03,+128.116E-03
+1.198600E+00,+83.970E-03,+100.980E-03
+1.199950E+00,+73.417E-03,+72.085E-03
+1.201300E+00,+77.437E-03,+59.523E-03
+1.202650E+00,+81.457E-03,+49.221E-03
+1.204000E+00,+96.030E-03,+60.025E-03
+1.205350E+00,+90.251E-03,+64.548E-03
+1.206700E+00,+92.513E-03,+78.869E-03
+1.208050E+00,+91.005E-03,+92.186E-03
+1.209400E+00,+71.910E-03,+89.673E-03
+1.210750E+00,+94.271E-03,+121.332E-03
+1.212100E+00,+106.080E-03,+140.427E-03
+1.213450E+00,+102.814E-03,+134.899E-03
+1.214800E+00,+104.070E-03,+126.608E-03
+1.216150E+00,+101.055E-03,+102.990E-03
+1.217500E+00,+93.518E-03,+80.377E-03
+1.218850E+00,+97.538E-03,+65.302E-03
+1.220200E+00,+100.804E-03,+63.040E-03
+1.221550E+00,+101.558E-03,+68.568E-03
+1.222900E+00,+82.462E-03,+56.759E-03
+1.224250E+00,+65.377E-03,+57.010E-03
+1.225600E+00,+79.196E-03,+85.653E-03
+1.226950E+00,+90.251E-03,+108.769E-03
+1.228300E+00,+97.286E-03,+127.864E-03
+1.229650E+00,+108.090E-03,+145.452E-03
+1.231000E+00,+108.844E-03,+141.181E-03
+1.232350E+00,+98.291E-03,+119.573E-03
+1.233700E+00,+89.497E-03,+88.920E-03
+1.235050E+00,+90.754E-03,+68.065E-03
+1.236400E+00,+107.337E-03,+69.573E-03
+1.237750E+00,+100.553E-03,+66.055E-03
+1.239100E+00,+106.583E-03,+72.839E-03
+1.240450E+00,+92.513E-03,+76.106E-03
+1.241800E+00,+100.050E-03,+102.487E-03
+1.243150E+00,+81.457E-03,+98.467E-03
+1.244500E+00,+105.327E-03,+131.884E-03
+1.245850E+00,+108.342E-03,+142.940E-03
+1.247200E+00,+107.337E-03,+136.407E-03
+1.248550E+00,+89.497E-03,+111.533E-03
+1.249900E+00,+85.226E-03,+84.397E-03
+1.251250E+00,+78.945E-03,+57.261E-03
+1.252600E+00,+84.724E-03,+53.492E-03
+1.253950E+00,+89.497E-03,+56.005E-03
+1.255300E+00,+100.804E-03,+71.080E-03
+1.256650E+00,+95.025E-03,+77.362E-03
+1.258000E+00,+91.256E-03,+91.181E-03
+1.259350E+00,+69.397E-03,+88.166E-03
+1.260700E+00,+93.266E-03,+123.844E-03
+1.262050E+00,+107.085E-03,+140.427E-03
+1.263400E+00,+108.844E-03,+141.935E-03
+1.264750E+00,+93.518E-03,+115.553E-03
+1.266100E+00,+89.497E-03,+92.437E-03
+1.267450E+00,+78.945E-03,+61.281E-03
+1.268800E+00,+79.950E-03,+47.965E-03
+1.270150E+00,+100.553E-03,+59.271E-03
+1.271500E+00,+98.794E-03,+68.819E-03
+1.272850E+00,+88.241E-03,+66.558E-03
+1.274200E+00,+92.010E-03,+86.407E-03
+1.275550E+00,+82.714E-03,+97.965E-03
+1.276900E+00,+89.497E-03,+115.302E-03
+1.278250E+00,+100.302E-03,+132.387E-03
+1.279600E+00,+108.090E-03,+141.181E-03
+1.280950E+00,+98.794E-03,+121.332E-03
+1.282300E+00,+102.060E-03,+112.538E-03
+1.283650E+00,+93.518E-03,+84.146E-03
+1.285000E+00,+82.462E-03,+52.739E-03
+1.286350E+00,+92.513E-03,+54.749E-03
+1.287700E+00,+90.000E-03,+52.739E-03
+1.289050E+00,+84.472E-03,+61.030E-03
+1.290400E+00,+76.683E-03,+64.799E-03
+1.291750E+00,+88.995E-03,+92.186E-03
+1.293100E+00,+73.166E-03,+92.186E-03
+1.294450E+00,+89.497E-03,+120.327E-03
+1.295800E+00,+101.558E-03,+136.407E-03
+1.297150E+00,+97.035E-03,+123.593E-03
+1.298500E+00,+85.226E-03,+100.226E-03
+1.299850E+00,+73.417E-03,+69.322E-03
+1.301200E+00,+65.377E-03,+43.945E-03
+1.302550E+00,+66.131E-03,+32.889E-03
+1.303900E+00,+104.322E-03,+70.327E-03
+1.305250E+00,+85.477E-03,+62.538E-03
+1.306600E+00,+76.683E-03,+64.799E-03
+1.307950E+00,+81.457E-03,+84.648E-03
+1.309300E+00,+66.382E-03,+81.131E-03
+1.310650E+00,+85.477E-03,+110.779E-03
+1.312000E+00,+97.538E-03,+129.121E-03
+1.313350E+00,+94.271E-03,+120.829E-03
+1.314700E+00,+89.497E-03,+108.518E-03
+1.316050E+00,+88.241E-03,+93.191E-03
+1.317400E+00,+67.889E-03,+59.020E-03
+1.318750E+00,+80.452E-03,+50.729E-03
+1.320100E+00,+80.704E-03,+43.442E-03
+1.321450E+00,+82.714E-03,+46.457E-03
+1.322800E+00,+71.910E-03,+53.492E-03
+1.324150E+00,+84.975E-03,+73.090E-03
+1.325500E+00,+73.417E-03,+84.146E-03
+1.326850E+00,+82.714E-03,+104.246E-03
+1.328200E+00,+92.764E-03,+121.080E-03
+1.329550E+00,+94.271E-03,+131.633E-03
+1.330900E+00,+92.764E-03,+119.824E-03
+1.332250E+00,+88.241E-03,+98.719E-03
+1.333600E+00,+80.704E-03,+73.593E-03
+1.334950E+00,+67.387E-03,+41.683E-03
+1.336300E+00,+82.714E-03,+44.698E-03
+1.337650E+00,+84.221E-03,+48.970E-03
+1.339000E+00,+83.970E-03,+56.005E-03
+1.340350E+00,+49.296E-03,+35.905E-03
+1.341700E+00,+57.337E-03,+55.503E-03
+1.343050E+00,+62.864E-03,+80.126E-03
+1.344400E+00,+75.930E-03,+102.487E-03
+1.345750E+00,+85.477E-03,+124.347E-03
+1.347100E+00,+78.442E-03,+116.558E-03
+1.348450E+00,+85.477E-03,+112.286E-03
+1.349800E+00,+66.382E-03,+78.367E-03
+1.351150E+00,+54.070E-03,+42.688E-03
+1.352500E+00,+73.920E-03,+44.196E-03
+1.353850E+00,+74.925E-03,+35.905E-03
+1.355200E+00,+76.683E-03,+42.940E-03
+1.356550E+00,+78.191E-03,+56.508E-03
+1.357900E+00,+67.387E-03,+72.337E-03
+1.359250E+00,+61.608E-03,+74.849E-03
+1.360600E+00,+80.704E-03,+107.261E-03
+1.361950E+00,+85.477E-03,+120.327E-03
+1.363300E+00,+84.724E-03,+116.307E-03
+1.364650E+00,+77.437E-03,+104.246E-03
+1.366000E+00,+70.402E-03,+76.859E-03
+1.367350E+00,+65.377E-03,+47.965E-03
+1.368700E+00,+57.839E-03,+32.136E-03
+1.370050E+00,+89.497E-03,+48.970E-03
+1.371400E+00,+80.704E-03,+48.719E-03
+1.372750E+00,+69.397E-03,+51.985E-03
+1.374100E+00,+73.417E-03,+67.563E-03
+1.375450E+00,+78.693E-03,+82.638E-03
+1.376800E+00,+72.663E-03,+95.201E-03
+1.378150E+00,+82.211E-03,+116.809E-03
+1.379500E+00,+93.266E-03,+128.367E-03
+1.380850E+00,+90.754E-03,+116.307E-03
+1.382200E+00,+89.497E-03,+104.246E-03
+1.383550E+00,+77.437E-03,+74.849E-03
+1.384900E+00,+72.412E-03,+50.729E-03
+1.386250E+00,+80.201E-03,+46.457E-03
+1.387600E+00,+79.950E-03,+42.186E-03
+1.388950E+00,+78.191E-03,+56.005E-03
+1.390300E+00,+67.387E-03,+53.492E-03
+1.391650E+00,+73.668E-03,+77.362E-03
+1.393000E+00,+56.583E-03,+75.101E-03
+1.394350E+00,+81.457E-03,+108.769E-03
+1.395700E+00,+85.980E-03,+120.578E-03
+1.397050E+00,+86.985E-03,+117.563E-03
+1.398400E+00,+73.417E-03,+96.206E-03
+1.399750E+00,+65.377E-03,+64.045E-03
+1.401100E+00,+64.623E-03,+43.442E-03
+1.402450E+00,+61.357E-03,+27.864E-03
+1.403800E+00,+101.558E-03,+68.819E-03
+1.405150E+00,+78.191E-03,+48.467E-03
+1.406500E+00,+48.040E-03,+44.950E-03
+1.407850E+00,+73.668E-03,+73.342E-03
+1.409200E+00,+62.362E-03,+80.879E-03
+1.410550E+00,+77.437E-03,+104.246E-03
+1.411900E+00,+93.266E-03,+123.844E-03
+1.413250E+00,+92.261E-03,+121.583E-03
+1.414600E+00,+87.990E-03,+109.020E-03
+1.415950E+00,+80.955E-03,+90.930E-03
+1.417300E+00,+75.930E-03,+60.025E-03
+1.418650E+00,+71.910E-03,+46.457E-03
+1.420000E+00,+80.704E-03,+34.899E-03
+1.421350E+00,+88.492E-03,+51.231E-03
+1.422700E+00,+74.422E-03,+48.719E-03
+1.424050E+00,+76.181E-03,+68.065E-03
+1.425400E+00,+71.156E-03,+83.141E-03
+1.426750E+00,+70.151E-03,+93.191E-03
+1.428100E+00,+85.477E-03,+119.824E-03
+1.429450E+00,+88.492E-03,+125.603E-03
+1.430800E+00,+89.497E-03,+116.307E-03
+1.432150E+00,+70.151E-03,+80.628E-03
+1.433500E+00,+69.397E-03,+60.276E-03
+1.434850E+00,+61.357E-03,+37.161E-03
+1.436200E+00,+71.910E-03,+36.658E-03
+1.437550E+00,+75.930E-03,+41.683E-03
+1.438900E+00,+85.477E-03,+45.704E-03
+1.440250E+00,+63.116E-03,+51.985E-03
+1.441600E+00,+69.397E-03,+73.593E-03
+1.442950E+00,+57.337E-03,+76.608E-03
+1.444300E+00,+77.940E-03,+108.266E-03
+1.445650E+00,+89.497E-03,+126.859E-03
+1.447000E+00,+87.236E-03,+117.814E-03
+1.448350E+00,+85.477E-03,+100.226E-03
+1.449700E+00,+77.940E-03,+80.377E-03
+1.451050E+00,+62.864E-03,+45.201E-03
+1.452400E+00,+75.176E-03,+45.452E-03
+1.453750E+00,+76.935E-03,+39.925E-03
+1.455100E+00,+77.186E-03,+47.462E-03
+1.456450E+00,+66.633E-03,+40.930E-03
+1.457800E+00,+51.809E-03,+45.452E-03
+1.459150E+00,+58.090E-03,+69.070E-03
+1.460500E+00,+69.146E-03,+91.683E-03
+1.461850E+00,+77.437E-03,+109.523E-03
+1.463200E+00,+79.196E-03,+116.307E-03
+1.464550E+00,+87.990E-03,+116.809E-03
+1.465900E+00,+74.422E-03,+89.171E-03
+1.467250E+00,+69.397E-03,+65.302E-03
+1.468600E+00,+60.603E-03,+43.945E-03
+1.469950E+00,+74.673E-03,+40.930E-03
+1.471300E+00,+77.437E-03,+39.925E-03
+1.472650E+00,+76.432E-03,+49.221E-03
+1.474000E+00,+89.497E-03,+76.106E-03
+1.475350E+00,+77.437E-03,+80.628E-03
+1.476700E+00,+75.930E-03,+94.447E-03
+1.478050E+00,+82.965E-03,+112.286E-03
+1.479400E+00,+87.236E-03,+124.347E-03
+1.480750E+00,+89.497E-03,+119.573E-03
+1.482100E+00,+81.457E-03,+99.724E-03
+1.483450E+00,+76.181E-03,+73.342E-03
+1.484800E+00,+61.608E-03,+40.678E-03
+1.486150E+00,+76.935E-03,+43.945E-03
+1.487500E+00,+73.417E-03,+35.402E-03
+1.488850E+00,+84.221E-03,+54.497E-03
+1.490200E+00,+67.889E-03,+47.965E-03
+1.491550E+00,+77.437E-03,+73.090E-03
+1.492900E+00,+57.085E-03,+71.583E-03
+1.494250E+00,+77.437E-03,+105.251E-03
+1.495600E+00,+87.236E-03,+124.347E-03
+1.496950E+00,+82.211E-03,+113.291E-03
+1.498300E+00,+73.417E-03,+88.417E-03
+1.499650E+00,+66.884E-03,+66.809E-03
+1.501000E+00,+60.603E-03,+45.452E-03
+1.502350E+00,+58.090E-03,+27.864E-03
+1.503700E+00,+103.819E-03,+62.789E-03
+1.505050E+00,+62.864E-03,+37.161E-03
+1.506400E+00,+78.442E-03,+60.779E-03
+1.507750E+00,+66.633E-03,+65.804E-03
+1.509100E+00,+69.899E-03,+84.397E-03
+1.510450E+00,+78.945E-03,+101.482E-03
+1.511800E+00,+91.256E-03,+125.854E-03
+1.513150E+00,+86.231E-03,+116.809E-03
+1.514500E+00,+86.734E-03,+109.020E-03
+1.515850E+00,+82.965E-03,+92.186E-03
+1.517200E+00,+73.417E-03,+64.799E-03
+1.518550E+00,+70.151E-03,+47.965E-03
+1.519900E+00,+77.940E-03,+47.462E-03
+1.521250E+00,+78.693E-03,+40.930E-03
+1.522600E+00,+74.422E-03,+53.492E-03
+1.523950E+00,+78.191E-03,+65.050E-03
+1.525300E+00,+74.422E-03,+83.643E-03
+1.526650E+00,+62.864E-03,+82.638E-03
+1.528000E+00,+79.950E-03,+110.528E-03
+1.529350E+00,+81.457E-03,+116.307E-03
+1.530700E+00,+81.960E-03,+112.538E-03
+1.532050E+00,+74.925E-03,+86.910E-03
+1.533400E+00,+77.437E-03,+74.347E-03
+1.534750E+00,+53.317E-03,+31.884E-03
+1.536100E+00,+77.186E-03,+43.945E-03
+1.537450E+00,+74.673E-03,+39.673E-03
+1.538800E+00,+83.970E-03,+50.226E-03
+1.540150E+00,+55.578E-03,+38.668E-03
+1.541500E+00,+53.317E-03,+51.482E-03
+1.542850E+00,+61.357E-03,+74.598E-03
+1.544200E+00,+77.437E-03,+101.734E-03
+1.545550E+00,+70.151E-03,+104.749E-03
+1.546900E+00,+73.417E-03,+107.764E-03
+1.548250E+00,+98.794E-03,+114.799E-03
+1.549600E+00,+71.910E-03,+82.387E-03
+1.550950E+00,+52.814E-03,+46.709E-03
+1.552300E+00,+65.879E-03,+36.658E-03
+1.553650E+00,+74.673E-03,+40.930E-03
+1.555000E+00,+83.216E-03,+50.980E-03
+1.556350E+00,+76.432E-03,+53.995E-03
+1.557700E+00,+85.226E-03,+68.065E-03
+1.559050E+00,+70.905E-03,+80.126E-03
+1.560400E+00,+76.683E-03,+96.960E-03
+1.561750E+00,+85.477E-03,+115.553E-03
+1.563100E+00,+81.960E-03,+116.558E-03
+1.564450E+00,+84.221E-03,+113.543E-03
+1.565800E+00,+75.176E-03,+88.166E-03
+1.567150E+00,+62.613E-03,+60.025E-03
+1.568500E+00,+73.417E-03,+44.698E-03
+1.569850E+00,+70.905E-03,+39.925E-03
+1.571200E+00,+70.402E-03,+34.146E-03
+1.572550E+00,+70.151E-03,+44.447E-03
+1.573900E+00,+61.357E-03,+47.462E-03
+1.575250E+00,+70.905E-03,+77.362E-03
+1.576600E+00,+63.116E-03,+79.121E-03
+1.577950E+00,+78.191E-03,+104.749E-03
+1.579300E+00,+81.960E-03,+116.558E-03
+1.580650E+00,+78.945E-03,+107.010E-03
+1.582000E+00,+70.402E-03,+86.407E-03
+1.583350E+00,+61.357E-03,+56.005E-03
+1.584700E+00,+57.337E-03,+35.905E-03
+1.586050E+00,+61.357E-03,+23.844E-03
+1.587400E+00,+101.558E-03,+65.553E-03
+1.588750E+00,+62.613E-03,+36.910E-03
+1.590100E+00,+57.839E-03,+48.719E-03
+1.591450E+00,+70.905E-03,+76.106E-03
+1.592800E+00,+55.829E-03,+76.106E-03
+1.594150E+00,+81.457E-03,+104.749E-03
+1.595500E+00,+85.477E-03,+116.307E-03
+1.596850E+00,+84.221E-03,+117.312E-03
+1.598200E+00,+94.523E-03,+109.020E-03
+1.599550E+00,+84.472E-03,+86.910E-03
+1.600900E+00,+58.593E-03,+45.452E-03
+1.602250E+00,+75.930E-03,+44.950E-03
+1.603600E+00,+67.889E-03,+33.392E-03
+1.604950E+00,+81.960E-03,+49.472E-03
+1.606300E+00,+58.342E-03,+36.910E-03
+1.607650E+00,+76.181E-03,+69.070E-03
+1.609000E+00,+70.402E-03,+80.879E-03
+1.610350E+00,+69.397E-03,+92.688E-03
+1.611700E+00,+81.457E-03,+115.804E-03
+1.613050E+00,+89.497E-03,+121.583E-03
+1.614400E+00,+84.724E-03,+112.286E-03
+1.615750E+00,+84.975E-03,+95.452E-03
+1.617100E+00,+71.156E-03,+65.050E-03
+1.618450E+00,+62.613E-03,+39.673E-03
+1.619800E+00,+73.417E-03,+39.925E-03
+1.621150E+00,+73.920E-03,+38.166E-03
+1.622500E+00,+65.377E-03,+42.940E-03
+1.623850E+00,+42.764E-03,+27.864E-03
+1.625200E+00,+55.075E-03,+55.000E-03
+1.626550E+00,+61.357E-03,+76.608E-03
+1.627900E+00,+73.417E-03,+100.226E-03
+1.629250E+00,+69.397E-03,+104.246E-03
+1.630600E+00,+71.910E-03,+102.487E-03
+1.631950E+00,+80.452E-03,+102.236E-03
+1.633300E+00,+73.166E-03,+79.623E-03
+1.634650E+00,+41.256E-03,+31.884E-03
+1.636000E+00,+62.362E-03,+34.899E-03
+1.637350E+00,+69.397E-03,+31.884E-03
+1.638700E+00,+77.437E-03,+44.196E-03
+1.640050E+00,+53.819E-03,+49.221E-03
+1.641400E+00,+81.457E-03,+79.121E-03
+1.642750E+00,+56.834E-03,+71.332E-03
+1.644100E+00,+77.186E-03,+103.744E-03
+1.645450E+00,+82.965E-03,+116.307E-03
+1.646800E+00,+83.216E-03,+113.040E-03
+1.648150E+00,+84.975E-03,+107.010E-03
+1.649500E+00,+77.186E-03,+84.397E-03
+1.650850E+00,+59.095E-03,+49.472E-03
+1.652200E+00,+67.136E-03,+42.186E-03
+1.653550E+00,+76.432E-03,+42.688E-03
+1.654900E+00,+73.417E-03,+39.925E-03
+1.656250E+00,+72.161E-03,+50.477E-03
+1.657600E+00,+73.417E-03,+64.045E-03
+1.658950E+00,+66.633E-03,+80.126E-03
+1.660300E+00,+73.920E-03,+92.437E-03
+1.661650E+00,+80.452E-03,+113.543E-03
+1.663000E+00,+83.970E-03,+118.568E-03
+1.664350E+00,+76.432E-03,+102.236E-03
+1.665700E+00,+65.126E-03,+76.357E-03
+1.667050E+00,+60.101E-03,+47.965E-03
+1.668400E+00,+51.055E-03,+26.106E-03
+1.669750E+00,+74.171E-03,+36.407E-03
+1.671100E+00,+74.171E-03,+54.246E-03
+1.672450E+00,+73.417E-03,+52.990E-03
+1.673800E+00,+64.623E-03,+54.246E-03
+1.675150E+00,+75.176E-03,+82.136E-03
+1.676500E+00,+53.065E-03,+75.603E-03
+1.677850E+00,+76.181E-03,+102.739E-03
+1.679200E+00,+83.970E-03,+116.307E-03
+1.680550E+00,+87.990E-03,+113.291E-03
+1.681900E+00,+85.477E-03,+104.497E-03
+1.683250E+00,+72.161E-03,+72.085E-03
+1.684600E+00,+51.809E-03,+31.884E-03
+1.685950E+00,+72.915E-03,+42.688E-03
+1.687300E+00,+69.146E-03,+35.402E-03
+1.688650E+00,+69.397E-03,+39.925E-03
+1.690000E+00,+63.116E-03,+49.472E-03
+1.691350E+00,+70.653E-03,+69.070E-03
+1.692700E+00,+53.819E-03,+72.085E-03
+1.694050E+00,+70.905E-03,+97.462E-03
+1.695400E+00,+79.950E-03,+113.794E-03
+1.696750E+00,+80.955E-03,+115.553E-03
+1.698100E+00,+69.899E-03,+92.437E-03
+1.699450E+00,+64.121E-03,+68.065E-03
+1.700800E+00,+55.075E-03,+39.925E-03
+1.702150E+00,+52.814E-03,+19.824E-03
+1.703500E+00,+69.397E-03,+31.884E-03
+1.704850E+00,+72.412E-03,+43.945E-03
+1.706200E+00,+50.050E-03,+36.658E-03
+1.707550E+00,+65.377E-03,+60.528E-03
+1.708900E+00,+61.106E-03,+75.101E-03
+1.710250E+00,+69.397E-03,+96.206E-03
+1.711600E+00,+78.442E-03,+113.040E-03
+1.712950E+00,+75.427E-03,+113.291E-03
+1.714300E+00,+81.457E-03,+108.266E-03
+1.715650E+00,+72.161E-03,+89.171E-03
+1.717000E+00,+72.663E-03,+64.799E-03
+1.718350E+00,+63.367E-03,+36.910E-03
+1.719700E+00,+70.402E-03,+36.658E-03
+1.721050E+00,+69.397E-03,+33.141E-03
+1.722400E+00,+73.417E-03,+46.206E-03
+1.723750E+00,+54.070E-03,+40.427E-03
+1.725100E+00,+76.432E-03,+78.869E-03
+1.726450E+00,+54.573E-03,+73.090E-03
+1.727800E+00,+71.910E-03,+104.246E-03
+1.729150E+00,+81.457E-03,+116.307E-03
+1.730500E+00,+81.960E-03,+112.538E-03
+1.731850E+00,+66.884E-03,+85.402E-03
+1.733200E+00,+59.849E-03,+56.759E-03
+1.734550E+00,+56.834E-03,+35.151E-03
+1.735900E+00,+57.337E-03,+24.095E-03
+1.737250E+00,+116.382E-03,+79.874E-03
+1.738600E+00,+58.342E-03,+35.905E-03
+1.739950E+00,+68.392E-03,+51.985E-03
+1.741300E+00,+62.362E-03,+64.296E-03
+1.742650E+00,+56.332E-03,+70.829E-03
+1.744000E+00,+72.663E-03,+97.714E-03
+1.745350E+00,+75.427E-03,+113.291E-03
+1.746700E+00,+83.970E-03,+109.774E-03
+1.748050E+00,+85.477E-03,+104.246E-03
+1.749400E+00,+79.950E-03,+86.407E-03
+1.750750E+00,+67.638E-03,+58.015E-03
+1.752100E+00,+69.397E-03,+40.176E-03
+1.753450E+00,+74.925E-03,+38.668E-03
+1.754800E+00,+75.176E-03,+43.945E-03
+1.756150E+00,+68.392E-03,+47.211E-03
+1.757500E+00,+73.166E-03,+67.060E-03
+1.758850E+00,+68.141E-03,+74.598E-03
+1.760200E+00,+69.397E-03,+93.693E-03
+1.761550E+00,+81.457E-03,+115.553E-03
+1.762900E+00,+81.457E-03,+115.804E-03
+1.764250E+00,+84.221E-03,+109.271E-03
+1.765600E+00,+76.683E-03,+87.161E-03
+1.766950E+00,+66.131E-03,+60.025E-03
+1.768300E+00,+67.889E-03,+42.688E-03
+1.769650E+00,+73.417E-03,+39.925E-03
+1.771000E+00,+75.930E-03,+35.905E-03
+1.772350E+00,+59.347E-03,+36.910E-03
+1.773700E+00,+38.241E-03,+24.095E-03
+1.775050E+00,+49.296E-03,+46.457E-03
+1.776400E+00,+63.116E-03,+79.121E-03
+1.777750E+00,+72.412E-03,+98.970E-03
+1.779100E+00,+69.397E-03,+100.477E-03
+1.780450E+00,+79.950E-03,+102.739E-03
+1.781800E+00,+76.683E-03,+99.221E-03
+1.783150E+00,+68.894E-03,+75.352E-03
+1.784500E+00,+45.276E-03,+36.156E-03
+1.785850E+00,+68.392E-03,+39.925E-03
+1.787200E+00,+68.643E-03,+34.899E-03
+1.788550E+00,+69.397E-03,+39.925E-03
+1.789900E+00,+77.186E-03,+58.769E-03
+1.791250E+00,+74.925E-03,+69.322E-03
+1.792600E+00,+59.849E-03,+72.085E-03
+1.793950E+00,+74.171E-03,+97.211E-03
+1.795300E+00,+73.920E-03,+112.538E-03
+1.796650E+00,+81.457E-03,+112.035E-03
+1.798000E+00,+83.970E-03,+106.508E-03
+1.799350E+00,+75.678E-03,+86.156E-03
+1.800700E+00,+66.382E-03,+56.759E-03
+1.802050E+00,+66.633E-03,+41.181E-03
+1.803400E+00,+73.417E-03,+37.412E-03
+1.804750E+00,+55.327E-03,+20.829E-03
+1.806100E+00,+65.879E-03,+43.945E-03
+1.807450E+00,+71.910E-03,+65.050E-03
+1.808800E+00,+68.643E-03,+79.121E-03
+1.810150E+00,+70.151E-03,+92.688E-03
+1.811500E+00,+84.724E-03,+115.804E-03
+1.812850E+00,+81.457E-03,+116.307E-03
+1.814200E+00,+75.176E-03,+101.734E-03
+1.815550E+00,+62.111E-03,+72.085E-03
+1.816900E+00,+57.337E-03,+51.985E-03
+1.818250E+00,+50.804E-03,+27.864E-03
+1.819600E+00,+63.116E-03,+29.372E-03
+1.820950E+00,+118.392E-03,+85.151E-03
+1.822300E+00,+68.392E-03,+46.709E-03
+1.823650E+00,+60.352E-03,+49.221E-03
+1.825000E+00,+67.136E-03,+76.106E-03
+1.826350E+00,+56.332E-03,+72.085E-03
+1.827700E+00,+73.417E-03,+100.226E-03
+1.829050E+00,+80.452E-03,+111.030E-03
+1.830400E+00,+78.442E-03,+109.020E-03
+1.831750E+00,+88.995E-03,+104.246E-03
+1.833100E+00,+73.920E-03,+72.839E-03
+1.834450E+00,+50.804E-03,+31.884E-03
+1.835800E+00,+68.643E-03,+39.925E-03
+1.837150E+00,+64.372E-03,+31.884E-03
+1.838500E+00,+55.327E-03,+32.638E-03
+1.839850E+00,+70.905E-03,+51.985E-03
+1.841200E+00,+75.176E-03,+72.085E-03
+1.842550E+00,+56.332E-03,+70.829E-03
+1.843900E+00,+73.920E-03,+96.457E-03
+1.845250E+00,+85.477E-03,+121.332E-03
+1.846600E+00,+79.950E-03,+112.286E-03
+1.847950E+00,+84.975E-03,+107.513E-03
+1.849300E+00,+70.402E-03,+77.613E-03
+1.850650E+00,+65.377E-03,+58.769E-03
+1.852000E+00,+67.136E-03,+42.186E-03
+1.853350E+00,+76.935E-03,+39.171E-03
+1.854700E+00,+76.683E-03,+43.442E-03
+1.856050E+00,+66.884E-03,+43.945E-03
+1.857400E+00,+76.683E-03,+62.286E-03
+1.858750E+00,+69.397E-03,+76.608E-03
+1.860100E+00,+68.392E-03,+86.910E-03
+1.861450E+00,+77.437E-03,+110.779E-03
+1.862800E+00,+79.196E-03,+116.307E-03
+1.864150E+00,+76.935E-03,+107.010E-03
+1.865500E+00,+65.377E-03,+80.126E-03
+1.866850E+00,+60.101E-03,+50.729E-03
+1.868200E+00,+51.809E-03,+28.618E-03
+1.869550E+00,+64.874E-03,+27.864E-03
+1.870900E+00,+113.367E-03,+75.603E-03
+1.872250E+00,+67.889E-03,+43.693E-03
+1.873600E+00,+68.643E-03,+56.759E-03
+1.874950E+00,+65.377E-03,+72.085E-03
+1.876300E+00,+49.296E-03,+71.080E-03
+1.877650E+00,+76.432E-03,+102.990E-03
+1.879000E+00,+85.477E-03,+116.307E-03
+1.880350E+00,+84.975E-03,+111.533E-03
+1.881700E+00,+85.980E-03,+100.980E-03
+1.883050E+00,+78.693E-03,+80.126E-03
+1.884400E+00,+51.055E-03,+37.412E-03
+1.885750E+00,+66.633E-03,+39.925E-03
+1.887100E+00,+71.910E-03,+38.166E-03
+1.888450E+00,+64.121E-03,+32.889E-03
+1.889800E+00,+72.663E-03,+50.226E-03
+1.891150E+00,+78.693E-03,+77.111E-03
+1.892500E+00,+58.593E-03,+69.070E-03
+1.893850E+00,+77.437E-03,+97.462E-03
+1.895200E+00,+80.704E-03,+115.302E-03
+1.896550E+00,+80.955E-03,+118.317E-03
+1.897900E+00,+80.704E-03,+100.226E-03
+1.899250E+00,+69.397E-03,+76.106E-03
+1.900600E+00,+55.829E-03,+43.945E-03
+1.901950E+00,+61.357E-03,+31.884E-03
+1.903300E+00,+59.095E-03,+28.618E-03
+1.904650E+00,+68.392E-03,+41.181E-03
+1.906000E+00,+64.623E-03,+46.960E-03
+1.907350E+00,+62.111E-03,+52.990E-03
+1.908700E+00,+67.136E-03,+77.111E-03
+1.910050E+00,+72.161E-03,+96.206E-03
+1.911400E+00,+81.457E-03,+113.794E-03
+1.912750E+00,+89.497E-03,+124.347E-03
+1.914100E+00,+81.960E-03,+112.286E-03
+1.915450E+00,+86.734E-03,+101.231E-03
+1.916800E+00,+93.518E-03,+89.673E-03
+1.918150E+00,+61.357E-03,+39.925E-03
+1.919500E+00,+80.452E-03,+46.960E-03
+1.920850E+00,+80.201E-03,+42.437E-03
+1.922200E+00,+78.442E-03,+50.226E-03
+1.923550E+00,+76.935E-03,+66.809E-03
+1.924900E+00,+84.724E-03,+87.663E-03
+1.926250E+00,+69.397E-03,+88.166E-03
+1.927600E+00,+92.764E-03,+123.342E-03
+1.928950E+00,+85.477E-03,+120.829E-03
+1.930300E+00,+117.638E-03,+151.985E-03
+1.931650E+00,+115.126E-03,+139.171E-03
+1.933000E+00,+81.457E-03,+88.920E-03
+1.934350E+00,+69.397E-03,+58.015E-03
+1.935700E+00,+77.437E-03,+43.945E-03
+1.937050E+00,+108.342E-03,+66.558E-03
+1.938400E+00,+108.844E-03,+71.080E-03
+1.939750E+00,+101.055E-03,+80.126E-03
+1.941100E+00,+108.844E-03,+107.010E-03
+1.942450E+00,+88.492E-03,+101.482E-03
+1.943800E+00,+100.804E-03,+129.121E-03
+1.945150E+00,+126.935E-03,+169.070E-03
+1.946500E+00,+125.427E-03,+164.045E-03
+1.947850E+00,+115.126E-03,+145.704E-03
+1.949200E+00,+113.618E-03,+124.347E-03
+1.950550E+00,+113.618E-03,+104.246E-03
+1.951900E+00,+113.618E-03,+84.146E-03
+1.953250E+00,+115.126E-03,+74.849E-03
+1.954600E+00,+124.925E-03,+88.920E-03
+1.955950E+00,+97.538E-03,+68.568E-03
+1.957300E+00,+108.844E-03,+91.683E-03
+1.958650E+00,+128.442E-03,+136.407E-03
+1.960000E+00,+112.864E-03,+139.422E-03
+1.961350E+00,+121.658E-03,+157.010E-03
+1.962700E+00,+137.487E-03,+179.623E-03
+1.964050E+00,+135.226E-03,+168.568E-03
+1.965400E+00,+134.724E-03,+153.241E-03
+1.966750E+00,+125.176E-03,+123.593E-03
+1.968100E+00,+133.719E-03,+116.307E-03
+1.969450E+00,+132.462E-03,+101.231E-03
+1.970800E+00,+181.206E-03,+140.930E-03
+1.972150E+00,+135.729E-03,+106.005E-03
+1.973500E+00,+126.683E-03,+108.518E-03
+1.974850E+00,+147.286E-03,+144.447E-03
+1.976200E+00,+131.457E-03,+145.955E-03
+1.977550E+00,+143.015E-03,+173.593E-03
+1.978900E+00,+165.879E-03,+200.729E-03
+1.980250E+00,+154.070E-03,+185.905E-03
+1.981600E+00,+137.739E-03,+162.789E-03
+1.982950E+00,+145.779E-03,+147.714E-03
+1.984300E+00,+122.915E-03,+105.251E-03
+1.985650E+00,+136.482E-03,+102.739E-03
+1.987000E+00,+142.764E-03,+102.487E-03
+1.988350E+00,+152.814E-03,+119.070E-03
+1.989700E+00,+138.241E-03,+116.558E-03
+1.991050E+00,+129.698E-03,+126.859E-03
+1.992400E+00,+134.724E-03,+150.729E-03
+1.993750E+00,+122.412E-03,+149.472E-03
+1.995100E+00,+145.025E-03,+176.106E-03
+1.996450E+00,+145.779E-03,+176.608E-03
+1.997800E+00,+134.724E-03,+158.769E-03
+1.999150E+00,+120.653E-03,+127.111E-03
+2.000500E+00,+109.347E-03,+99.724E-03
+2.001850E+00,+105.578E-03,+76.106E-03
+2.003200E+00,+115.377E-03,+74.347E-03
+2.004550E+00,+127.437E-03,+83.392E-03
+2.005900E+00,+110.101E-03,+87.663E-03
+2.007250E+00,+110.854E-03,+101.231E-03
+2.008600E+00,+108.090E-03,+118.568E-03
+2.009950E+00,+100.050E-03,+122.085E-03
+2.011300E+00,+113.367E-03,+143.945E-03
+2.012650E+00,+109.598E-03,+150.980E-03
+2.014000E+00,+113.618E-03,+138.668E-03
+2.015350E+00,+102.312E-03,+116.809E-03
+2.016700E+00,+93.518E-03,+84.397E-03
+2.018050E+00,+73.417E-03,+47.965E-03
+2.019400E+00,+83.216E-03,+46.960E-03
+2.020750E+00,+82.211E-03,+44.950E-03
+2.022100E+00,+89.497E-03,+55.503E-03
+2.023450E+00,+84.472E-03,+66.809E-03
+2.024800E+00,+85.477E-03,+89.673E-03
+2.026150E+00,+62.111E-03,+81.131E-03
+2.027500E+00,+73.417E-03,+111.784E-03
+2.028850E+00,+92.261E-03,+128.367E-03
+2.030200E+00,+84.724E-03,+117.060E-03
+2.031550E+00,+77.437E-03,+95.452E-03
+2.032900E+00,+65.879E-03,+65.050E-03
+2.034250E+00,+62.864E-03,+41.181E-03
+2.035600E+00,+62.362E-03,+27.864E-03
+2.036950E+00,+106.332E-03,+55.000E-03
+2.038300E+00,+57.839E-03,+28.116E-03
+2.039650E+00,+79.196E-03,+53.241E-03
+2.041000E+00,+81.457E-03,+74.347E-03
+2.042350E+00,+59.095E-03,+74.095E-03
+2.043700E+00,+61.859E-03,+84.397E-03
+2.045050E+00,+76.181E-03,+110.779E-03
+2.046400E+00,+73.417E-03,+113.794E-03
+2.047750E+00,+78.693E-03,+104.246E-03
+2.049100E+00,+73.920E-03,+84.397E-03
+2.050450E+00,+68.141E-03,+58.518E-03
+2.051800E+00,+66.382E-03,+40.678E-03
+2.053150E+00,+64.874E-03,+27.864E-03
+2.054500E+00,+62.362E-03,+24.849E-03
+2.055850E+00,+60.352E-03,+31.884E-03
+2.057200E+00,+56.583E-03,+44.698E-03
+2.058550E+00,+60.854E-03,+67.312E-03
+2.059900E+00,+48.543E-03,+67.060E-03
+2.061250E+00,+72.161E-03,+102.739E-03
+2.062600E+00,+75.176E-03,+112.286E-03
+2.063950E+00,+70.151E-03,+100.729E-03
+2.065300E+00,+66.382E-03,+81.633E-03
+2.066650E+00,+60.352E-03,+62.789E-03
+2.068000E+00,+42.261E-03,+22.085E-03
+2.069350E+00,+60.854E-03,+23.844E-03
+2.070700E+00,+57.085E-03,+19.824E-03
+2.072050E+00,+64.372E-03,+33.141E-03
+2.073400E+00,+43.015E-03,+26.106E-03
+2.074750E+00,+41.256E-03,+35.905E-03
+2.076100E+00,+49.045E-03,+59.523E-03
+2.077450E+00,+57.337E-03,+82.638E-03
+2.078800E+00,+57.337E-03,+92.186E-03
+2.080150E+00,+52.814E-03,+87.412E-03
+2.081500E+00,+50.302E-03,+76.859E-03
+2.082850E+00,+57.337E-03,+66.809E-03
+2.084200E+00,+40.503E-03,+34.146E-03
+2.085550E+00,+41.256E-03,+15.050E-03
+2.086900E+00,+49.799E-03,+16.055E-03
+2.088250E+00,+57.337E-03,+22.337E-03
+2.089600E+00,+46.281E-03,+24.598E-03
+2.090950E+00,+56.834E-03,+47.965E-03
+2.092300E+00,+53.065E-03,+63.543E-03
+2.093650E+00,+54.573E-03,+75.854E-03
+2.095000E+00,+65.377E-03,+96.206E-03
+2.096350E+00,+64.874E-03,+99.472E-03
+2.097700E+00,+61.106E-03,+88.166E-03
+2.099050E+00,+54.824E-03,+66.809E-03
+2.100400E+00,+37.236E-03,+32.638E-03
+2.101750E+00,+36.734E-03,+11.784E-03
+2.103100E+00,+44.523E-03,+7.261E-03
+2.104450E+00,+46.784E-03,+4.749E-03
+2.105800E+00,+44.523E-03,+18.065E-03
+2.107150E+00,+25.930E-03,+12.286E-03
+2.108500E+00,+37.739E-03,+43.945E-03
+2.109850E+00,+22.663E-03,+45.201E-03
+2.111200E+00,+47.789E-03,+76.106E-03
+2.112550E+00,+56.332E-03,+94.196E-03
+2.113900E+00,+49.296E-03,+76.357E-03
+2.115250E+00,+33.216E-03,+51.985E-03
+2.116600E+00,+25.176E-03,+22.085E-03
+2.117950E+00,+20.653E-03,-1.533E-03
+2.119300E+00,+21.156E-03,-16.106E-03
+2.120650E+00,+47.035E-03,+9.271E-03
+2.122000E+00,+19.899E-03,-276E-06
+2.123350E+00,+24.171E-03,+14.548E-03
+2.124700E+00,+29.698E-03,+32.136E-03
+2.126050E+00,+18.894E-03,+39.925E-03
+2.127400E+00,+38.995E-03,+67.060E-03
+2.128750E+00,+48.291E-03,+84.146E-03
+2.130100E+00,+45.276E-03,+80.126E-03
+2.131450E+00,+49.296E-03,+72.085E-03
+2.132800E+00,+40.503E-03,+47.965E-03
+2.134150E+00,+30.955E-03,+13.291E-03
+2.135500E+00,+29.698E-03,-25E-06
+2.136850E+00,+33.467E-03,-5.553E-03
+2.138200E+00,+43.015E-03,+5.251E-03
+2.139550E+00,+32.714E-03,+7.764E-03
+2.140900E+00,+45.779E-03,+36.156E-03
+2.142250E+00,+35.980E-03,+43.945E-03
+2.143600E+00,+34.221E-03,+62.286E-03
+2.144950E+00,+46.030E-03,+80.628E-03
+2.146300E+00,+45.276E-03,+87.663E-03
+2.147650E+00,+52.060E-03,+80.126E-03
+2.149000E+00,+39.749E-03,+56.759E-03
+2.150350E+00,+40.754E-03,+34.648E-03
+2.151700E+00,+35.477E-03,+6.508E-03
+2.153050E+00,+47.035E-03,+5.251E-03
+2.154400E+00,+41.256E-03,+1.985E-03
+2.155750E+00,+60.603E-03,+11.030E-03
+2.157100E+00,+9.095E-03,-4.799E-03
+2.158450E+00,+21.156E-03,+18.317E-03
+2.159800E+00,+33.216E-03,+47.965E-03
+2.161150E+00,+48.794E-03,+79.372E-03
+2.162500E+00,+41.256E-03,+79.623E-03
+2.163850E+00,+61.357E-03,+92.186E-03
+2.165200E+00,+37.236E-03,+66.307E-03
+2.166550E+00,+39.246E-03,+52.487E-03
+2.167900E+00,+21.156E-03,+11.784E-03
+2.169250E+00,+50.553E-03,+16.809E-03
+2.170600E+00,+43.015E-03,+7.764E-03
+2.171950E+00,+53.317E-03,+19.824E-03
+2.173300E+00,+45.779E-03,+24.598E-03
+2.174650E+00,+56.332E-03,+53.241E-03
+2.176000E+00,+43.769E-03,+56.759E-03
+2.177350E+00,+54.070E-03,+80.126E-03
+2.178700E+00,+70.653E-03,+108.518E-03
+2.180050E+00,+64.121E-03,+100.226E-03
+2.181400E+00,+67.136E-03,+95.201E-03
+2.182750E+00,+57.337E-03,+67.312E-03
+2.184100E+00,+49.799E-03,+36.658E-03
+2.185450E+00,+50.553E-03,+23.844E-03
+2.186800E+00,+43.769E-03,+14.799E-03
+2.188150E+00,+62.111E-03,+27.111E-03
+2.189500E+00,+52.563E-03,+22.839E-03
+2.190850E+00,+27.940E-03,+18.317E-03
+2.192200E+00,+43.015E-03,+49.472E-03
+2.193550E+00,+50.050E-03,+69.070E-03
+2.194900E+00,+65.377E-03,+99.724E-03
+2.196250E+00,+73.417E-03,+116.307E-03
+2.197600E+00,+69.397E-03,+104.246E-03
+2.198950E+00,+55.327E-03,+77.111E-03
+2.200300E+00,+57.337E-03,+52.739E-03
+2.201650E+00,+41.256E-03,+21.080E-03
+2.203000E+00,+67.136E-03,+29.372E-03
+2.204350E+00,+63.869E-03,+22.839E-03
+2.205700E+00,+69.899E-03,+39.422E-03
+2.207050E+00,+57.337E-03,+42.437E-03
+2.208400E+00,+69.397E-03,+73.593E-03
+2.209750E+00,+56.834E-03,+76.106E-03
+2.211100E+00,+77.437E-03,+108.518E-03
+2.212450E+00,+86.985E-03,+120.327E-03
+2.213800E+00,+80.704E-03,+115.302E-03
+2.215150E+00,+77.437E-03,+100.226E-03
+2.216500E+00,+76.432E-03,+75.603E-03
+2.217850E+00,+57.337E-03,+39.925E-03
+2.219200E+00,+71.910E-03,+38.920E-03
+2.220550E+00,+70.151E-03,+31.884E-03
+2.221900E+00,+73.166E-03,+39.422E-03
+2.223250E+00,+61.357E-03,+39.925E-03
+2.224600E+00,+51.809E-03,+43.945E-03
+2.225950E+00,+65.377E-03,+76.106E-03
+2.227300E+00,+77.437E-03,+103.744E-03
+2.228650E+00,+82.714E-03,+117.312E-03
+2.230000E+00,+92.010E-03,+129.121E-03
+2.231350E+00,+88.995E-03,+116.307E-03
+2.232700E+00,+81.960E-03,+96.457E-03
+2.234050E+00,+66.884E-03,+61.281E-03
+2.235400E+00,+73.417E-03,+50.226E-03
+2.236750E+00,+70.653E-03,+35.905E-03
+2.238100E+00,+60.101E-03,+36.910E-03
+2.239450E+00,+82.965E-03,+53.241E-03
+2.240800E+00,+87.236E-03,+71.080E-03
+2.242150E+00,+74.171E-03,+77.864E-03
+2.243500E+00,+78.442E-03,+103.744E-03
+2.244850E+00,+89.497E-03,+121.332E-03
+2.246200E+00,+94.523E-03,+133.141E-03
+2.247550E+00,+97.538E-03,+127.613E-03
+2.248900E+00,+81.960E-03,+96.960E-03
+2.250250E+00,+81.709E-03,+77.613E-03
+2.251600E+00,+65.628E-03,+46.206E-03
+2.252950E+00,+88.995E-03,+54.749E-03
+2.254300E+00,+79.447E-03,+41.683E-03
+2.255650E+00,+75.176E-03,+49.472E-03
+2.257000E+00,+82.211E-03,+63.040E-03
+2.258350E+00,+88.995E-03,+95.452E-03
+2.259700E+00,+69.397E-03,+91.683E-03
+2.261050E+00,+95.025E-03,+124.347E-03
+2.262400E+00,+97.538E-03,+136.407E-03
+2.263750E+00,+94.271E-03,+128.367E-03
+2.265100E+00,+88.744E-03,+107.764E-03
+2.266450E+00,+76.181E-03,+78.618E-03
+2.267800E+00,+71.156E-03,+51.985E-03
+2.269150E+00,+79.447E-03,+42.186E-03
+2.270500E+00,+81.960E-03,+44.196E-03
+2.271850E+00,+98.794E-03,+53.241E-03
+2.273200E+00,+83.216E-03,+67.060E-03
+2.274550E+00,+88.492E-03,+87.412E-03
+2.275900E+00,+65.879E-03,+87.663E-03
+2.277250E+00,+85.477E-03,+112.035E-03
+2.278600E+00,+96.030E-03,+132.387E-03
+2.279950E+00,+97.035E-03,+131.633E-03
+2.281300E+00,+97.538E-03,+124.347E-03
+2.282650E+00,+93.518E-03,+101.482E-03
+2.284000E+00,+89.497E-03,+76.106E-03
+2.285350E+00,+78.693E-03,+51.985E-03
+2.286700E+00,+78.442E-03,+40.176E-03
+2.288050E+00,+88.492E-03,+49.221E-03
+2.289400E+00,+87.236E-03,+59.020E-03
+2.290750E+00,+100.553E-03,+80.628E-03
+2.292100E+00,+89.246E-03,+99.221E-03
+2.293450E+00,+79.950E-03,+106.508E-03
+2.294800E+00,+93.518E-03,+127.362E-03
+2.296150E+00,+98.794E-03,+136.910E-03
+2.297500E+00,+101.558E-03,+132.387E-03
+2.298850E+00,+97.538E-03,+109.523E-03
+2.300200E+00,+85.477E-03,+82.387E-03
+2.301550E+00,+74.673E-03,+48.970E-03
+2.302900E+00,+92.764E-03,+48.216E-03
+2.304250E+00,+84.221E-03,+44.950E-03
+2.305600E+00,+97.538E-03,+56.005E-03
+2.306950E+00,+87.487E-03,+74.347E-03
+2.308300E+00,+85.980E-03,+91.683E-03
+2.309650E+00,+68.141E-03,+84.146E-03
+2.311000E+00,+90.503E-03,+123.342E-03
+2.312350E+00,+97.538E-03,+135.653E-03
+2.313700E+00,+93.518E-03,+125.101E-03
+2.315050E+00,+100.302E-03,+124.347E-03
+2.316400E+00,+85.477E-03,+89.673E-03
+2.317750E+00,+69.397E-03,+54.749E-03
+2.319100E+00,+85.226E-03,+51.482E-03
+2.320450E+00,+84.472E-03,+45.201E-03
+2.321800E+00,+90.503E-03,+56.005E-03
+2.323150E+00,+77.437E-03,+56.508E-03
+2.324500E+00,+85.477E-03,+80.377E-03
+2.325850E+00,+77.437E-03,+92.186E-03
+2.327200E+00,+87.990E-03,+114.548E-03
+2.328550E+00,+97.035E-03,+132.387E-03
+2.329900E+00,+86.482E-03,+125.352E-03
+2.331250E+00,+89.497E-03,+115.050E-03
+2.332600E+00,+77.437E-03,+86.407E-03
+2.333950E+00,+68.894E-03,+54.749E-03
+2.335300E+00,+69.146E-03,+36.156E-03
+2.336650E+00,+87.990E-03,+47.714E-03
+2.338000E+00,+90.503E-03,+62.286E-03
+2.339350E+00,+72.915E-03,+55.251E-03
+2.340700E+00,+49.296E-03,+39.925E-03
+2.342050E+00,+65.377E-03,+70.578E-03
+2.343400E+00,+73.417E-03,+91.181E-03
+2.344750E+00,+97.035E-03,+128.367E-03
+2.346100E+00,+98.040E-03,+136.407E-03
+2.347450E+00,+86.985E-03,+124.347E-03
+2.348800E+00,+89.497E-03,+108.266E-03
+2.350150E+00,+82.211E-03,+83.392E-03
+2.351500E+00,+61.106E-03,+39.925E-03
+2.352850E+00,+85.477E-03,+43.945E-03
+2.354200E+00,+85.477E-03,+47.965E-03
+2.355550E+00,+94.271E-03,+60.528E-03
+2.356900E+00,+73.920E-03,+60.025E-03
+2.358250E+00,+88.241E-03,+93.191E-03
+2.359600E+00,+65.377E-03,+88.166E-03
+2.360950E+00,+85.477E-03,+116.307E-03
+2.362300E+00,+97.538E-03,+139.422E-03
+2.363650E+00,+89.497E-03,+124.347E-03
+2.365000E+00,+83.216E-03,+104.246E-03
+2.366350E+00,+73.417E-03,+76.106E-03
+2.367700E+00,+69.899E-03,+51.985E-03
+2.369050E+00,+66.884E-03,+33.141E-03
+2.370400E+00,+115.377E-03,+77.613E-03
+2.371750E+00,+92.513E-03,+62.789E-03
+2.373100E+00,+81.960E-03,+64.045E-03
+2.374450E+00,+80.201E-03,+78.618E-03
+2.375800E+00,+78.442E-03,+92.940E-03
+2.377150E+00,+82.211E-03,+108.769E-03
+2.378500E+00,+93.518E-03,+128.367E-03
+2.379850E+00,+95.025E-03,+129.623E-03
+2.381200E+00,+97.538E-03,+122.588E-03
+2.382550E+00,+92.513E-03,+98.970E-03
+2.383900E+00,+81.457E-03,+68.317E-03
+2.385250E+00,+85.477E-03,+53.241E-03
+2.386600E+00,+85.477E-03,+50.226E-03
+2.387950E+00,+80.955E-03,+43.945E-03
+2.389300E+00,+90.000E-03,+60.025E-03
+2.390650E+00,+101.055E-03,+78.367E-03
+2.392000E+00,+79.950E-03,+89.673E-03
+2.393350E+00,+72.663E-03,+95.201E-03
+2.394700E+00,+78.693E-03,+120.327E-03
+2.396050E+00,+93.518E-03,+130.879E-03
+2.397400E+00,+96.030E-03,+122.588E-03
+2.398750E+00,+80.955E-03,+95.452E-03
+2.400100E+00,+73.417E-03,+68.065E-03
+2.401450E+00,+66.633E-03,+42.437E-03
+2.402800E+00,+71.156E-03,+33.392E-03
+2.404150E+00,+86.231E-03,+47.211E-03
+2.405500E+00,+84.724E-03,+55.000E-03
+2.406850E+00,+80.201E-03,+63.794E-03
+2.408200E+00,+75.176E-03,+79.121E-03
+2.409550E+00,+57.337E-03,+80.126E-03
+2.410900E+00,+84.724E-03,+115.302E-03
+2.412250E+00,+92.261E-03,+130.879E-03
+2.413600E+00,+95.276E-03,+126.608E-03
+2.414950E+00,+95.779E-03,+114.296E-03
+2.416300E+00,+85.226E-03,+84.899E-03
+2.417650E+00,+72.412E-03,+54.749E-03
+2.419000E+00,+78.442E-03,+46.960E-03
+2.420350E+00,+87.739E-03,+49.472E-03
+2.421700E+00,+88.492E-03,+50.980E-03
+2.423050E+00,+60.101E-03,+30.628E-03
+2.424400E+00,+51.809E-03,+43.945E-03
+2.425750E+00,+62.111E-03,+72.588E-03
+2.427100E+00,+69.397E-03,+92.186E-03
+2.428450E+00,+77.437E-03,+110.779E-03
+2.429800E+00,+92.010E-03,+128.367E-03
+2.431150E+00,+85.226E-03,+116.809E-03
+2.432500E+00,+77.940E-03,+96.457E-03
+2.433850E+00,+69.397E-03,+68.065E-03
+2.435200E+00,+72.663E-03,+53.492E-03
+2.436550E+00,+73.417E-03,+39.925E-03
+2.437900E+00,+84.724E-03,+43.442E-03
+2.439250E+00,+81.457E-03,+50.477E-03
+2.440600E+00,+84.724E-03,+71.080E-03
+2.441950E+00,+81.457E-03,+87.412E-03
+2.443300E+00,+65.879E-03,+87.663E-03
+2.444650E+00,+92.261E-03,+125.352E-03
+2.446000E+00,+93.518E-03,+129.874E-03
+2.447350E+00,+93.518E-03,+124.347E-03
+2.448700E+00,+90.503E-03,+113.040E-03
+2.450050E+00,+77.437E-03,+74.849E-03
+2.451400E+00,+63.869E-03,+42.186E-03
+2.452750E+00,+79.447E-03,+48.467E-03
+2.454100E+00,+77.437E-03,+39.925E-03
+2.455450E+00,+93.518E-03,+58.518E-03
+2.456800E+00,+60.603E-03,+38.920E-03
+2.458150E+00,+58.090E-03,+48.970E-03
+2.459500E+00,+69.899E-03,+76.859E-03
+2.460850E+00,+78.945E-03,+106.759E-03
+2.462200E+00,+104.824E-03,+138.668E-03
+2.463550E+00,+88.995E-03,+131.131E-03
+2.464900E+00,+93.266E-03,+123.844E-03
+2.466250E+00,+74.925E-03,+90.930E-03
+2.467600E+00,+64.623E-03,+59.020E-03
+2.468950E+00,+76.935E-03,+47.211E-03
+2.470300E+00,+84.724E-03,+43.945E-03
+2.471650E+00,+100.050E-03,+54.246E-03
+2.473000E+00,+107.085E-03,+71.834E-03
+2.474350E+00,+88.995E-03,+80.126E-03
+2.475700E+00,+92.513E-03,+102.236E-03
+2.477050E+00,+91.005E-03,+113.543E-03
+2.478400E+00,+100.050E-03,+132.387E-03
+2.479750E+00,+97.035E-03,+135.653E-03
+2.481100E+00,+85.226E-03,+116.307E-03
+2.482450E+00,+74.925E-03,+86.910E-03
+2.483800E+00,+71.156E-03,+60.779E-03
+2.485150E+00,+68.894E-03,+43.191E-03
+2.486500E+00,+81.206E-03,+46.960E-03
+2.487850E+00,+115.377E-03,+80.126E-03
+2.489200E+00,+84.724E-03,+58.266E-03
+2.490550E+00,+88.492E-03,+79.372E-03
+2.491900E+00,+85.477E-03,+92.186E-03
+2.493250E+00,+70.653E-03,+93.191E-03
+2.494600E+00,+93.518E-03,+120.327E-03
+2.495950E+00,+102.312E-03,+136.407E-03
+2.497300E+00,+104.824E-03,+131.884E-03
+2.498650E+00,+96.281E-03,+112.286E-03
+2.500000E+00,+87.236E-03,+88.166E-03
+2.501350E+00,+65.377E-03,+47.211E-03
+2.502700E+00,+89.246E-03,+55.503E-03
+2.504050E+00,+83.216E-03,+45.452E-03
+2.505400E+00,+93.518E-03,+60.025E-03
+2.506750E+00,+80.452E-03,+66.809E-03
+2.508100E+00,+84.724E-03,+83.643E-03
+2.509450E+00,+73.668E-03,+86.910E-03
+2.510800E+00,+91.256E-03,+119.322E-03
+2.512150E+00,+98.291E-03,+133.392E-03
+2.513500E+00,+94.774E-03,+129.372E-03
+2.514850E+00,+104.322E-03,+126.859E-03
+2.516200E+00,+96.030E-03,+100.980E-03
+2.517550E+00,+75.678E-03,+64.799E-03
+2.518900E+00,+81.960E-03,+52.739E-03
+2.520250E+00,+89.497E-03,+51.985E-03
+2.521600E+00,+87.236E-03,+53.492E-03
+2.522950E+00,+76.935E-03,+51.231E-03
+2.524300E+00,+61.106E-03,+47.462E-03
+2.525650E+00,+69.397E-03,+76.106E-03
+2.527000E+00,+79.196E-03,+100.226E-03
+2.528350E+00,+89.497E-03,+124.347E-03
+2.529700E+00,+85.980E-03,+124.347E-03
+2.531050E+00,+86.734E-03,+118.819E-03
+2.532400E+00,+89.497E-03,+110.528E-03
+2.533750E+00,+83.719E-03,+82.136E-03
+2.535100E+00,+80.452E-03,+58.769E-03
+2.536450E+00,+89.497E-03,+54.749E-03
+2.537800E+00,+98.543E-03,+60.779E-03
+2.539150E+00,+86.231E-03,+57.010E-03
+2.540500E+00,+82.462E-03,+68.317E-03
+2.541850E+00,+93.518E-03,+93.442E-03
+2.543200E+00,+73.417E-03,+93.693E-03
+2.544550E+00,+101.558E-03,+132.387E-03
+2.545900E+00,+101.307E-03,+136.407E-03
+2.547250E+00,+97.538E-03,+129.623E-03
+2.548600E+00,+100.050E-03,+119.322E-03
+2.549950E+00,+93.015E-03,+97.714E-03
+2.551300E+00,+65.879E-03,+51.985E-03
+2.552650E+00,+82.714E-03,+51.985E-03
+2.554000E+00,+96.784E-03,+56.759E-03
+2.555350E+00,+93.518E-03,+63.291E-03
+2.556700E+00,+89.497E-03,+68.065E-03
+2.558050E+00,+88.241E-03,+86.658E-03
+2.559400E+00,+71.156E-03,+87.161E-03
+2.560750E+00,+94.271E-03,+121.332E-03
+2.562100E+00,+101.307E-03,+139.925E-03
+2.563450E+00,+100.302E-03,+136.407E-03
+2.564800E+00,+87.236E-03,+114.548E-03
+2.566150E+00,+81.457E-03,+87.412E-03
+2.567500E+00,+77.437E-03,+60.276E-03
+2.568850E+00,+74.925E-03,+42.688E-03
+2.570200E+00,+114.623E-03,+76.859E-03
+2.571550E+00,+87.236E-03,+57.513E-03
+2.572900E+00,+96.784E-03,+78.116E-03
+2.574250E+00,+86.985E-03,+84.146E-03
+2.575600E+00,+94.523E-03,+110.528E-03
+2.576950E+00,+94.271E-03,+120.829E-03
+2.578300E+00,+101.558E-03,+136.407E-03
+2.579650E+00,+112.362E-03,+146.960E-03
+2.581000E+00,+110.603E-03,+137.161E-03
+2.582350E+00,+103.568E-03,+116.809E-03
+2.583700E+00,+98.040E-03,+88.920E-03
+2.585050E+00,+86.734E-03,+63.794E-03
+2.586400E+00,+100.050E-03,+62.286E-03
+2.587750E+00,+98.291E-03,+64.045E-03
+2.589100E+00,+101.307E-03,+71.080E-03
+2.590450E+00,+96.281E-03,+81.131E-03
+2.591800E+00,+97.538E-03,+101.734E-03
+2.593150E+00,+84.975E-03,+104.246E-03
+2.594500E+00,+102.563E-03,+136.658E-03
+2.595850E+00,+107.085E-03,+145.704E-03
+2.597200E+00,+107.337E-03,+137.915E-03
+2.598550E+00,+97.035E-03,+115.050E-03
+2.599900E+00,+89.497E-03,+84.397E-03
+2.601250E+00,+81.457E-03,+58.769E-03
+2.602600E+00,+87.236E-03,+51.985E-03
+2.603950E+00,+95.779E-03,+54.749E-03
+2.605300E+00,+90.754E-03,+64.296E-03
+2.606650E+00,+95.025E-03,+77.362E-03
+2.608000E+00,+93.769E-03,+94.447E-03
+2.609350E+00,+80.955E-03,+100.226E-03
+2.610700E+00,+94.020E-03,+124.598E-03
+2.612050E+00,+112.362E-03,+148.467E-03
+2.613400E+00,+112.111E-03,+146.709E-03
+2.614750E+00,+117.136E-03,+139.673E-03
+2.616100E+00,+114.121E-03,+116.558E-03
+2.617450E+00,+104.322E-03,+90.678E-03
+2.618800E+00,+95.276E-03,+65.553E-03
+2.620150E+00,+108.593E-03,+67.312E-03
+2.621500E+00,+102.060E-03,+64.296E-03
+2.622850E+00,+95.025E-03,+73.342E-03
+2.624200E+00,+97.538E-03,+87.161E-03
+2.625550E+00,+97.035E-03,+104.246E-03
+2.626900E+00,+101.307E-03,+124.347E-03
+2.628250E+00,+108.342E-03,+142.940E-03
+2.629600E+00,+115.377E-03,+152.487E-03
+2.630950E+00,+109.598E-03,+139.171E-03
+2.632300E+00,+94.020E-03,+108.518E-03
+2.633650E+00,+88.241E-03,+82.638E-03
+2.635000E+00,+85.477E-03,+58.266E-03
+2.636350E+00,+91.508E-03,+53.744E-03
+2.637700E+00,+152.060E-03,+117.563E-03
+2.639050E+00,+86.734E-03,+65.050E-03
+2.640400E+00,+92.010E-03,+84.146E-03
+2.641750E+00,+97.035E-03,+103.492E-03
+2.643100E+00,+77.437E-03,+103.744E-03
+2.644450E+00,+105.578E-03,+136.407E-03
+2.645800E+00,+116.131E-03,+150.729E-03
+2.647150E+00,+114.372E-03,+144.447E-03
+2.648500E+00,+110.101E-03,+132.638E-03
+2.649850E+00,+106.834E-03,+106.759E-03
+2.651200E+00,+77.437E-03,+58.266E-03
+2.652550E+00,+94.271E-03,+60.528E-03
+2.653900E+00,+102.814E-03,+64.799E-03
+2.655250E+00,+112.362E-03,+78.618E-03
+2.656600E+00,+94.523E-03,+72.085E-03
+2.657950E+00,+108.593E-03,+104.246E-03
+2.659300E+00,+85.980E-03,+100.477E-03
+2.660650E+00,+96.281E-03,+125.352E-03
+2.662000E+00,+113.618E-03,+148.467E-03
+2.663350E+00,+106.332E-03,+140.930E-03
+2.664700E+00,+101.307E-03,+124.347E-03
+2.666050E+00,+89.497E-03,+97.462E-03
+2.667400E+00,+83.216E-03,+70.327E-03
+2.668750E+00,+82.211E-03,+51.985E-03
+2.670100E+00,+112.613E-03,+71.080E-03
+2.671450E+00,+91.256E-03,+65.302E-03
+2.672800E+00,+95.276E-03,+71.080E-03
+2.674150E+00,+104.573E-03,+89.171E-03
+2.675500E+00,+85.477E-03,+103.744E-03
+2.676850E+00,+90.754E-03,+117.312E-03
+2.678200E+00,+107.337E-03,+139.422E-03
+2.679550E+00,+111.608E-03,+146.206E-03
+2.680900E+00,+117.638E-03,+144.698E-03
+2.682250E+00,+102.814E-03,+114.799E-03
+2.683600E+00,+101.558E-03,+94.447E-03
+2.684950E+00,+87.487E-03,+61.030E-03
+2.686300E+00,+102.060E-03,+64.296E-03
+2.687650E+00,+106.834E-03,+69.070E-03
+2.689000E+00,+122.412E-03,+76.106E-03
+2.690350E+00,+72.915E-03,+59.271E-03
+2.691700E+00,+81.206E-03,+83.141E-03
+2.693050E+00,+92.261E-03,+104.246E-03
+2.694400E+00,+104.070E-03,+134.648E-03
+2.695750E+00,+98.291E-03,+133.392E-03
+2.697100E+00,+95.276E-03,+141.181E-03
+2.698450E+00,+108.593E-03,+135.151E-03
+2.699800E+00,+100.804E-03,+109.774E-03
+2.701150E+00,+76.935E-03,+63.291E-03
+2.702500E+00,+97.538E-03,+67.563E-03
+2.703850E+00,+105.578E-03,+65.302E-03
+2.705200E+00,+92.261E-03,+66.307E-03
+2.706550E+00,+101.558E-03,+76.608E-03
+2.707900E+00,+113.618E-03,+104.497E-03
+2.709250E+00,+100.553E-03,+111.030E-03
+2.710600E+00,+105.578E-03,+132.387E-03
+2.711950E+00,+103.568E-03,+148.970E-03
+2.713300E+00,+106.080E-03,+144.447E-03
+2.714650E+00,+121.658E-03,+149.472E-03
+2.716000E+00,+111.357E-03,+121.834E-03
+2.717350E+00,+101.055E-03,+94.950E-03
+2.718700E+00,+101.558E-03,+76.106E-03
+2.720050E+00,+101.558E-03,+64.045E-03
+2.721400E+00,+108.090E-03,+68.819E-03
+2.722750E+00,+96.533E-03,+66.809E-03
+2.724100E+00,+76.683E-03,+59.523E-03
+2.725450E+00,+84.221E-03,+82.638E-03
+2.726800E+00,+91.256E-03,+105.754E-03
+2.728150E+00,+95.528E-03,+126.608E-03
+2.729500E+00,+109.598E-03,+147.965E-03
+2.730850E+00,+102.814E-03,+138.920E-03
+2.732200E+00,+95.276E-03,+119.322E-03
+2.733550E+00,+93.518E-03,+98.970E-03
+2.734900E+00,+76.683E-03,+55.503E-03
+2.736250E+00,+96.533E-03,+61.281E-03
+2.737600E+00,+95.276E-03,+56.005E-03
+2.738950E+00,+94.271E-03,+56.508E-03
+2.740300E+00,+79.447E-03,+61.533E-03
+2.741650E+00,+102.814E-03,+103.995E-03
+2.743000E+00,+80.704E-03,+97.714E-03
+2.744350E+00,+105.075E-03,+131.131E-03
+2.745700E+00,+105.327E-03,+143.945E-03
+2.747050E+00,+101.558E-03,+134.899E-03
+2.748400E+00,+87.236E-03,+109.774E-03
+2.749750E+00,+78.191E-03,+80.126E-03
+2.751100E+00,+73.417E-03,+56.256E-03
+2.752450E+00,+74.925E-03,+42.688E-03
+2.753800E+00,+111.357E-03,+73.593E-03
+2.755150E+00,+93.518E-03,+66.809E-03
+2.756500E+00,+90.000E-03,+75.603E-03
+2.757850E+00,+101.558E-03,+98.467E-03
+2.759200E+00,+87.990E-03,+100.980E-03
+2.760550E+00,+94.271E-03,+120.829E-03
+2.761900E+00,+109.598E-03,+140.427E-03
+2.763250E+00,+107.085E-03,+139.171E-03
+2.764600E+00,+113.618E-03,+136.407E-03
+2.765950E+00,+105.578E-03,+111.533E-03
+2.767300E+00,+94.020E-03,+80.879E-03
+2.768650E+00,+86.734E-03,+54.497E-03
+2.770000E+00,+124.171E-03,+88.166E-03
+2.771350E+00,+112.613E-03,+83.392E-03
+2.772700E+00,+90.503E-03,+68.317E-03
+2.774050E+00,+89.497E-03,+82.638E-03
+2.775400E+00,+86.482E-03,+96.206E-03
+2.776750E+00,+94.774E-03,+107.261E-03
+2.778100E+00,+118.141E-03,+148.467E-03
+2.779450E+00,+120.402E-03,+152.487E-03
+2.780800E+00,+119.397E-03,+145.955E-03
+2.782150E+00,+102.312E-03,+116.307E-03
+2.783500E+00,+105.578E-03,+104.497E-03
+2.784850E+00,+84.221E-03,+68.065E-03
+2.786200E+00,+122.663E-03,+92.940E-03
+2.787550E+00,+131.960E-03,+102.236E-03
+2.788900E+00,+119.648E-03,+97.714E-03
+2.790250E+00,+100.553E-03,+86.910E-03
+2.791600E+00,+100.804E-03,+99.221E-03
+2.792950E+00,+118.392E-03,+129.372E-03
+2.794300E+00,+141.005E-03,+164.045E-03
+2.795650E+00,+123.166E-03,+155.251E-03
+2.797000E+00,+100.050E-03,+126.608E-03
+2.798350E+00,+137.236E-03,+151.734E-03
+2.799700E+00,+106.583E-03,+112.538E-03
+2.801050E+00,+100.553E-03,+89.422E-03
+2.802400E+00,+129.698E-03,+104.246E-03
+2.803750E+00,+137.236E-03,+107.513E-03
+2.805100E+00,+100.302E-03,+93.191E-03
+2.806450E+00,+118.894E-03,+97.462E-03
+2.807800E+00,+139.497E-03,+137.915E-03
+2.809150E+00,+145.779E-03,+160.528E-03
+2.810500E+00,+149.548E-03,+175.603E-03
+2.811850E+00,+156.583E-03,+184.648E-03
+2.813200E+00,+166.884E-03,+201.482E-03
+2.814550E+00,+158.593E-03,+184.648E-03
+2.815900E+00,+158.844E-03,+169.322E-03
+2.817250E+00,+151.307E-03,+141.683E-03
+2.818600E+00,+149.799E-03,+120.327E-03
+2.819950E+00,+150.553E-03,+116.809E-03
+2.821300E+00,+164.372E-03,+130.628E-03
+2.822650E+00,+145.779E-03,+118.819E-03
+2.824000E+00,+136.231E-03,+122.588E-03
+2.825350E+00,+154.573E-03,+157.010E-03
+2.826700E+00,+145.779E-03,+164.548E-03
+2.828050E+00,+153.819E-03,+184.648E-03
+2.829400E+00,+157.839E-03,+192.688E-03
+2.830750E+00,+164.874E-03,+194.698E-03
+2.832100E+00,+138.241E-03,+153.241E-03
+2.833450E+00,+123.166E-03,+119.070E-03
+2.834800E+00,+124.171E-03,+98.467E-03
+2.836150E+00,+127.688E-03,+85.905E-03
+2.837500E+00,+154.322E-03,+113.040E-03
+2.838850E+00,+112.362E-03,+79.874E-03
+2.840200E+00,+106.583E-03,+90.427E-03
+2.841550E+00,+121.658E-03,+120.327E-03
+2.842900E+00,+98.040E-03,+112.538E-03
+2.844250E+00,+118.894E-03,+146.960E-03
+2.845600E+00,+117.638E-03,+152.487E-03
+2.846950E+00,+117.638E-03,+144.950E-03
+2.848300E+00,+106.583E-03,+125.101E-03
+2.849650E+00,+99.045E-03,+104.246E-03
+2.851000E+00,+80.704E-03,+65.553E-03
+2.852350E+00,+86.231E-03,+47.965E-03
+2.853700E+00,+85.226E-03,+47.462E-03
+2.855050E+00,+75.176E-03,+35.905E-03
+2.856400E+00,+75.930E-03,+50.226E-03
+2.857750E+00,+72.915E-03,+60.025E-03
+2.859100E+00,+69.397E-03,+76.106E-03
+2.860450E+00,+77.437E-03,+102.739E-03
+2.861800E+00,+88.744E-03,+127.362E-03
+2.863150E+00,+73.417E-03,+112.286E-03
+2.864500E+00,+69.397E-03,+100.477E-03
+2.865850E+00,+62.864E-03,+74.849E-03
+2.867200E+00,+50.302E-03,+40.678E-03
+2.868550E+00,+50.050E-03,+23.844E-03
+2.869900E+00,+57.337E-03,+15.804E-03
+2.871250E+00,+58.844E-03,+13.040E-03
+2.872600E+00,+48.543E-03,+14.799E-03
+2.873950E+00,+29.196E-03,+12.286E-03
+2.875300E+00,+13.116E-03,+15.302E-03
+2.876650E+00,+29.196E-03,+46.457E-03
+2.878000E+00,+34.975E-03,+64.045E-03
+2.879350E+00,+29.950E-03,+68.065E-03
+2.880700E+00,+49.296E-03,+80.126E-03
+2.882050E+00,+29.196E-03,+53.241E-03
+2.883400E+00,+27.688E-03,+32.638E-03
+2.884750E+00,+9.095E-03,-9.070E-03
+2.886100E+00,+18.141E-03,-12.085E-03
+2.887450E+00,+29.196E-03,-7.060E-03
+2.888800E+00,+30.955E-03,-2.789E-03
+2.890150E+00,+25.176E-03,+7.010E-03
+2.891500E+00,+17.136E-03,+15.804E-03
+2.892850E+00,+3.819E-03,+16.809E-03
+2.894200E+00,+18.894E-03,+47.965E-03
+2.895550E+00,+22.412E-03,+57.010E-03
+2.896900E+00,+20.905E-03,+55.503E-03
+2.898250E+00,+22.663E-03,+43.945E-03
+2.899600E+00,+11.608E-03,+18.065E-03
+2.900950E+00,+3.317E-03,-7.563E-03
+2.902300E+00,+4.824E-03,-24.899E-03
+2.903650E+00,+9.095E-03,-27.412E-03
+2.905000E+00,+15.628E-03,-18.116E-03
+2.906350E+00,-2.965E-03,-28.417E-03
+2.907700E+00,-15.025E-03,-28.417E-03
+2.909050E+00,-5.477E-03,-276E-06
+2.910400E+00,+1.055E-03,+22.839E-03
+2.911750E+00,+25.176E-03,+56.508E-03
+2.913100E+00,+17.136E-03,+55.000E-03
+2.914450E+00,+11.859E-03,+43.945E-03
+2.915800E+00,+13.116E-03,+31.884E-03
+2.917150E+00,+1.055E-03,+1.734E-03
+2.918500E+00,+4.070E-03,-17.362E-03
+2.919850E+00,+6.332E-03,-27.412E-03
+2.921200E+00,+10.854E-03,-25.402E-03
+2.922550E+00,-955E-06,-26.658E-03
+2.923900E+00,-14.523E-03,-32.437E-03
+2.925250E+00,-6.985E-03,-8.317E-03
+2.926600E+00,+3.568E-03,+15.804E-03
+2.927950E+00,+11.106E-03,+44.950E-03
+2.929300E+00,+21.156E-03,+63.040E-03
+2.930650E+00,+19.899E-03,+54.497E-03
+2.932000E+00,+8.342E-03,+37.412E-03
+2.933350E+00,+5.075E-03,+11.784E-03
+2.934700E+00,-14.523E-03,-27.663E-03
+2.936050E+00,+10.352E-03,-19.372E-03
+2.937400E+00,+5.075E-03,-32.437E-03
+2.938750E+00,+20.151E-03,-10.327E-03
+2.940100E+00,+1.055E-03,-20.879E-03
+2.941450E+00,-8.241E-03,-15.352E-03
+2.942800E+00,+1.055E-03,+7.764E-03
+2.944150E+00,+5.075E-03,+31.131E-03
+2.945500E+00,+24.925E-03,+63.040E-03
+2.946850E+00,+14.623E-03,+57.261E-03
+2.948200E+00,+17.136E-03,+47.965E-03
+2.949550E+00,+5.829E-03,+19.824E-03
+2.950900E+00,-2.965E-03,-12.085E-03
+2.952250E+00,-2.965E-03,-31.181E-03
+2.953600E+00,+9.095E-03,-30.930E-03
+2.954950E+00,+14.372E-03,-27.412E-03
+2.956300E+00,+8.090E-03,-21.633E-03
+2.957650E+00,-20.302E-03,-35.452E-03
+2.959000E+00,-4.472E-03,-4.296E-03
+2.960350E+00,-2.211E-03,+16.809E-03
+2.961700E+00,+11.608E-03,+45.955E-03
+2.963050E+00,+10.603E-03,+53.241E-03
+2.964400E+00,+2.814E-03,+37.412E-03
+2.965750E+00,+5.075E-03,+23.844E-03
+2.967100E+00,-10.503E-03,-11.583E-03
+2.968450E+00,-11.005E-03,-35.452E-03
+2.969800E+00,+302E-06,-41.482E-03
+2.971150E+00,+1.809E-03,-39.472E-03
+2.972500E+00,-20.302E-03,-43.492E-03
+2.973850E+00,+4.070E-03,-19.121E-03
+2.975200E+00,-452E-06,+6.005E-03
+2.976550E+00,-13.015E-03,+8.266E-03
+2.977900E+00,+9.598E-03,+43.442E-03
+2.979250E+00,+6.583E-03,+47.965E-03
+2.980600E+00,+6.834E-03,+42.940E-03
+2.981950E+00,-2.965E-03,+15.050E-03
+2.983300E+00,-15.025E-03,-15.603E-03
+2.984650E+00,-19.045E-03,-40.477E-03
+2.986000E+00,-2.965E-03,-42.236E-03
+2.987350E+00,+7.337E-03,-33.693E-03
+2.988700E+00,-9.749E-03,-39.724E-03
+2.990050E+00,-6.985E-03,-21.884E-03
+2.991400E+00,-2.965E-03,-2.789E-03
+2.992750E+00,-18.291E-03,+226E-06
+2.994100E+00,-3.216E-03,+30.879E-03
+2.995450E+00,+5.327E-03,+46.709E-03
+2.996800E+00,+7.588E-03,+42.186E-03
+2.998150E+00,+4.573E-03,+27.111E-03
+2.999500E+00,-6.985E-03,-276E-06
+3.000850E+00,-16.030E-03,-31.181E-03
+3.002200E+00,-19.045E-03,-54.296E-03
+3.003550E+00,+4.070E-03,-35.452E-03
+3.004900E+00,+8.090E-03,-25.653E-03
+3.006250E+00,-3.970E-03,-23.141E-03
+3.007600E+00,-4.472E-03,-10.829E-03
+3.008950E+00,-6.985E-03,+7.764E-03
+3.010300E+00,-6.985E-03,+19.824E-03
+3.011650E+00,+50E-06,+38.417E-03
+3.013000E+00,+13.116E-03,+47.965E-03
+3.014350E+00,+12.613E-03,+35.905E-03
+3.015700E+00,+12.362E-03,+27.362E-03
+3.017050E+00,+1.055E-03,-4.296E-03
+3.018400E+00,-9.246E-03,-36.457E-03
+3.019750E+00,+1.055E-03,-37.211E-03
+3.021100E+00,-2.462E-03,-40.226E-03
+3.022450E+00,-2.965E-03,-29.925E-03
+3.023800E+00,-7.739E-03,-21.382E-03
+3.025150E+00,+1.809E-03,+7.010E-03
+3.026500E+00,-15.025E-03,+7.261E-03
+3.027850E+00,+5.075E-03,+39.925E-03
+3.029200E+00,+15.628E-03,+54.246E-03
+3.030550E+00,+9.849E-03,+43.945E-03
+3.031900E+00,+1.055E-03,+20.075E-03
+3.033250E+00,-6.985E-03,-9.573E-03
+3.034600E+00,-11.005E-03,-30.176E-03
+3.035950E+00,+8.593E-03,-31.935E-03
+3.037300E+00,+7.588E-03,-33.442E-03
+3.038650E+00,+6.834E-03,-21.633E-03
+3.040000E+00,+8.342E-03,-10.075E-03
+3.041350E+00,+9.849E-03,+12.789E-03
+3.042700E+00,-5.226E-03,+12.789E-03
+3.044050E+00,+13.116E-03,+39.925E-03
+3.045400E+00,+25.176E-03,+62.286E-03
+3.046750E+00,+28.693E-03,+66.809E-03
+3.048100E+00,+13.116E-03,+39.925E-03
+3.049450E+00,+6.583E-03,+13.040E-03
+3.050800E+00,+1.055E-03,-15.603E-03
+3.052150E+00,+5.075E-03,-28.417E-03
+3.053500E+00,+24.422E-03,-16.357E-03
+3.054850E+00,+19.899E-03,-11.332E-03
+3.056200E+00,+15.628E-03,-2.789E-03
+3.057550E+00,+18.141E-03,+19.070E-03
+3.058900E+00,+20.905E-03,+34.899E-03
+3.060250E+00,+19.648E-03,+42.186E-03
+3.061600E+00,+33.216E-03,+68.065E-03
+3.062950E+00,+37.236E-03,+72.085E-03
+3.064300E+00,+41.759E-03,+68.819E-03
+3.065650E+00,+42.764E-03,+56.005E-03
+3.067000E+00,+25.176E-03,+20.578E-03
+3.068350E+00,+8.342E-03,-18.116E-03
+3.069700E+00,+36.985E-03,+3.241E-03
+3.071050E+00,+22.663E-03,-13.593E-03
+3.072400E+00,+30.955E-03,+1.231E-03
+3.073750E+00,+30.955E-03,+17.814E-03
+3.075100E+00,+28.945E-03,+38.920E-03
+3.076450E+00,+13.116E-03,+33.141E-03
+3.077800E+00,+34.975E-03,+70.327E-03
+3.079150E+00,+48.794E-03,+87.412E-03
+3.080500E+00,+41.759E-03,+76.357E-03
+3.081850E+00,+34.724E-03,+53.241E-03
+3.083200E+00,+25.176E-03,+24.598E-03
+3.084550E+00,+24.673E-03,+2.990E-03
+3.085900E+00,+25.176E-03,-12.337E-03
+3.087250E+00,+36.231E-03,-1.533E-03
+3.088600E+00,+38.241E-03,+6.005E-03
+3.089950E+00,+39.246E-03,+19.824E-03
+3.091300E+00,+39.749E-03,+42.186E-03
+3.092650E+00,+32.211E-03,+50.729E-03
+3.094000E+00,+44.523E-03,+73.593E-03
+3.095350E+00,+53.317E-03,+92.186E-03
+3.096700E+00,+57.839E-03,+96.206E-03
+3.098050E+00,+64.121E-03,+90.678E-03
+3.099400E+00,+56.583E-03,+65.553E-03
+3.100750E+00,+46.030E-03,+35.905E-03
+3.102100E+00,+46.533E-03,+16.809E-03
+3.103450E+00,+52.060E-03,+14.296E-03
+3.104800E+00,+65.377E-03,+27.864E-03
+3.106150E+00,+47.538E-03,+25.854E-03
+3.107500E+00,+25.176E-03,+7.764E-03
+3.108850E+00,+35.980E-03,+40.930E-03
+3.110200E+00,+41.256E-03,+65.553E-03
+3.111550E+00,+53.317E-03,+87.412E-03
+3.112900E+00,+69.899E-03,+108.266E-03
+3.114250E+00,+66.633E-03,+98.719E-03
+3.115600E+00,+56.583E-03,+77.613E-03
+3.116950E+00,+53.317E-03,+58.769E-03
+3.118300E+00,+29.196E-03,+15.302E-03
+3.119650E+00,+61.357E-03,+24.849E-03
+3.121000E+00,+59.095E-03,+17.312E-03
+3.122350E+00,+67.638E-03,+37.915E-03
+3.123700E+00,+61.357E-03,+40.176E-03
+3.125050E+00,+70.905E-03,+70.578E-03
+3.126400E+00,+49.296E-03,+65.553E-03
+3.127750E+00,+66.633E-03,+97.211E-03
+3.129100E+00,+77.437E-03,+112.538E-03
+3.130450E+00,+68.141E-03,+104.246E-03
+3.131800E+00,+72.663E-03,+97.714E-03
+3.133150E+00,+58.593E-03,+64.045E-03
+3.134500E+00,+43.015E-03,+29.623E-03
+3.135850E+00,+60.101E-03,+30.377E-03
+3.137200E+00,+61.357E-03,+22.085E-03
+3.138550E+00,+57.085E-03,+29.372E-03
+3.139900E+00,+45.779E-03,+23.844E-03
+3.141250E+00,+35.980E-03,+26.357E-03
+3.142600E+00,+51.055E-03,+60.025E-03
+3.143950E+00,+62.613E-03,+85.151E-03
+3.145300E+00,+69.397E-03,+104.246E-03
+3.146650E+00,+73.417E-03,+112.035E-03
+3.148000E+00,+77.437E-03,+108.266E-03
+3.149350E+00,+66.131E-03,+80.628E-03
+3.150700E+00,+53.819E-03,+52.739E-03
+3.152050E+00,+57.337E-03,+33.141E-03
+3.153400E+00,+63.116E-03,+26.106E-03
+3.154750E+00,+69.397E-03,+31.884E-03
+3.156100E+00,+69.899E-03,+43.442E-03
+3.157450E+00,+77.437E-03,+64.045E-03
+3.158800E+00,+67.889E-03,+72.839E-03
+3.160150E+00,+66.131E-03,+88.668E-03
+3.161500E+00,+69.899E-03,+104.497E-03
+3.162850E+00,+80.201E-03,+117.312E-03
+3.164200E+00,+73.417E-03,+104.246E-03
+3.165550E+00,+66.633E-03,+85.151E-03
+3.166900E+00,+65.879E-03,+64.296E-03
+3.168250E+00,+45.276E-03,+23.844E-03
+3.169600E+00,+71.156E-03,+30.126E-03
+3.170950E+00,+68.392E-03,+30.628E-03
+3.172300E+00,+69.397E-03,+32.638E-03
+3.173650E+00,+41.508E-03,+23.844E-03
